goi	ten	tac_gia	license	gia	tag	cach_lay
kenney/kenney-game-assets	Kenney Game Assets All-in-1	kenney	CC0 (theo bo loc itch - kiem lai LICENSE trong goi)	$19.95	2d	node cong-cu/lay.mjs itch kenney/kenney-game-assets
v3x3d/retro-lines	Free Platformer - Retro Lines - 16x16 Assets Tileset (CC0, Free)	v3x3d	CC0 (theo bo loc itch - kiem lai LICENSE trong goi)	mien phi	2d	node cong-cu/lay.mjs itch v3x3d/retro-lines
pixel-boy/ninja-adventure-asset-pack	Ninja Adventure - Asset Pack	pixel-boy	CC0 (theo bo loc itch - kiem lai LICENSE trong goi)	mien phi	2d	node cong-cu/lay.mjs itch pixel-boy/ninja-adventure-asset-pack
pixelfrog-assets/pixel-adventure-1	Pixel Adventure	pixelfrog-assets	CC0 (theo bo loc itch - kiem lai LICENSE trong goi)	mien phi	2d	node cong-cu/lay.mjs itch pixelfrog-assets/pixel-adventure-1
deadrevolver/pixel-prototype-player-sprites	Pixel Prototype Player Sprites	deadrevolver	CC0 (theo bo loc itch - kiem lai LICENSE trong goi)	$9.99	2d	node cong-cu/lay.mjs itch deadrevolver/pixel-prototype-player-sprites
merchant-shade/16x16-mini-world-sprites	Free 16x16 Mini World Sprites	merchant-shade	CC0 (theo bo loc itch - kiem lai LICENSE trong goi)	mien phi	2d	node cong-cu/lay.mjs itch merchant-shade/16x16-mini-world-sprites
pixelfrog-assets/kings-and-pigs	Kings and Pigs	pixelfrog-assets	CC0 (theo bo loc itch - kiem lai LICENSE trong goi)	mien phi	2d	node cong-cu/lay.mjs itch pixelfrog-assets/kings-and-pigs
screamingbrainstudios/tiny-texture-pack-2	Tiny Texture Pack 2	screamingbrainstudios	CC0 (theo bo loc itch - kiem lai LICENSE trong goi)	mien phi	2d	node cong-cu/lay.mjs itch screamingbrainstudios/tiny-texture-pack-2
lynocs/texture-pack	Texture Pack by Lynocs	lynocs	CC0 (theo bo loc itch - kiem lai LICENSE trong goi)	mien phi	2d	node cong-cu/lay.mjs itch lynocs/texture-pack
ansimuz/sunny-land-pixel-game-art	SunnyLand - Pixel Game Art Assets Pack	ansimuz	CC0 (theo bo loc itch - kiem lai LICENSE trong goi)	mien phi	2d	node cong-cu/lay.mjs itch ansimuz/sunny-land-pixel-game-art
shackhal/multi-platformer-tileset	Multi Platformer Tileset	shackhal	CC0 (theo bo loc itch - kiem lai LICENSE trong goi)	mien phi	2d	node cong-cu/lay.mjs itch shackhal/multi-platformer-tileset
vurmux/urizen-onebit-tileset	Urizen 1Bit Tileset - 5500+ free 12x12 tiles	vurmux	CC0 (theo bo loc itch - kiem lai LICENSE trong goi)	mien phi	2d	node cong-cu/lay.mjs itch vurmux/urizen-onebit-tileset
ghostpixxells/pixelfood	Free Pixel foods	ghostpixxells	CC0 (theo bo loc itch - kiem lai LICENSE trong goi)	mien phi	2d	node cong-cu/lay.mjs itch ghostpixxells/pixelfood
nieobie/free-icons	Game Icon Pack	nieobie	CC0 (theo bo loc itch - kiem lai LICENSE trong goi)	mien phi	2d	node cong-cu/lay.mjs itch nieobie/free-icons
kevins-moms-house/four-seasons-platformer-tileset	fourSeasonsPlatformer_ [tileset]	kevins-moms-house	CC0 (theo bo loc itch - kiem lai LICENSE trong goi)	mien phi	2d	node cong-cu/lay.mjs itch kevins-moms-house/four-seasons-platformer-tileset
ansimuz/cyberpunk-street-environment	Synth Cities Environment	ansimuz	CC0 (theo bo loc itch - kiem lai LICENSE trong goi)	mien phi	2d	node cong-cu/lay.mjs itch ansimuz/cyberpunk-street-environment
screamingbrainstudios/tiny-texture-pack	Tiny Texture Pack 1	screamingbrainstudios	CC0 (theo bo loc itch - kiem lai LICENSE trong goi)	mien phi	2d	node cong-cu/lay.mjs itch screamingbrainstudios/tiny-texture-pack
0x72/16x16-industrial-tileset	16x16 Industrial Tileset	0x72	CC0 (theo bo loc itch - kiem lai LICENSE trong goi)	mien phi	2d	node cong-cu/lay.mjs itch 0x72/16x16-industrial-tileset
luizmelo/monsters-creatures-fantasy	Monsters Creatures Fantasy	luizmelo	CC0 (theo bo loc itch - kiem lai LICENSE trong goi)	mien phi	2d	node cong-cu/lay.mjs itch luizmelo/monsters-creatures-fantasy
luizmelo/evil-wizard-2	EVil Wizard 2	luizmelo	CC0 (theo bo loc itch - kiem lai LICENSE trong goi)	mien phi	2d	node cong-cu/lay.mjs itch luizmelo/evil-wizard-2
merchant-shade/16x16-mixed-rpg-icons	Free 16x16 Assorted RPG Icons	merchant-shade	CC0 (theo bo loc itch - kiem lai LICENSE trong goi)	mien phi	2d	node cong-cu/lay.mjs itch merchant-shade/16x16-mixed-rpg-icons
henrysoftware/pixel-food	Free Pixel Food!	henrysoftware	CC0 (theo bo loc itch - kiem lai LICENSE trong goi)	mien phi	2d	node cong-cu/lay.mjs itch henrysoftware/pixel-food
ansimuz/sunnyland-forest	SunnyLand Forest	ansimuz	CC0 (theo bo loc itch - kiem lai LICENSE trong goi)	mien phi	2d	node cong-cu/lay.mjs itch ansimuz/sunnyland-forest
pixelfrog-assets/pixel-adventure-2	Pixel Adventure 2	pixelfrog-assets	CC0 (theo bo loc itch - kiem lai LICENSE trong goi)	$5	2d	node cong-cu/lay.mjs itch pixelfrog-assets/pixel-adventure-2
greatdocbrown/gamepad-ui	Gamepad UI / Controller Prompts Pack	greatdocbrown	CC0 (theo bo loc itch - kiem lai LICENSE trong goi)	mien phi	2d	node cong-cu/lay.mjs itch greatdocbrown/gamepad-ui
pixelfrog-assets/treasure-hunters	Treasure Hunters	pixelfrog-assets	CC0 (theo bo loc itch - kiem lai LICENSE trong goi)	mien phi	2d	node cong-cu/lay.mjs itch pixelfrog-assets/treasure-hunters
foxh3ad/foxtexcom	Foxtex - Complete Edition	foxh3ad	CC0 (theo bo loc itch - kiem lai LICENSE trong goi)	mien phi	2d	node cong-cu/lay.mjs itch foxh3ad/foxtexcom
ansimuz/warped-city	Warped City	ansimuz	CC0 (theo bo loc itch - kiem lai LICENSE trong goi)	mien phi	2d	node cong-cu/lay.mjs itch ansimuz/warped-city
devilsworkshop/low-poly-3d-and-pixel-2d-rpg-game-assets	Low Poly 3D and Pixel 2D RPG Game Assets - Devil's Work.shop	devilsworkshop	CC0 (theo bo loc itch - kiem lai LICENSE trong goi)	mien phi	2d	node cong-cu/lay.mjs itch devilsworkshop/low-poly-3d-and-pixel-2d-rpg-game-assets
screamingbrainstudios/seamless-space-backgrounds	Seamless Space Backgrounds	screamingbrainstudios	CC0 (theo bo loc itch - kiem lai LICENSE trong goi)	mien phi	2d	node cong-cu/lay.mjs itch screamingbrainstudios/seamless-space-backgrounds
grafxkid/seasonal-tilesets	Seasonal Tilesets	grafxkid	CC0 (theo bo loc itch - kiem lai LICENSE trong goi)	mien phi	2d	node cong-cu/lay.mjs itch grafxkid/seasonal-tilesets
v3x3d/paper-pixels	Simple Platformer - Paper Pixels - 8x8 Asset Pack (CC0, Free, Tileset)	v3x3d	CC0 (theo bo loc itch - kiem lai LICENSE trong goi)	mien phi	2d	node cong-cu/lay.mjs itch v3x3d/paper-pixels
juliocacko/free-input-prompts	FREE Input Prompts Pack - Icons for PC and Consoles for Unreal Engine or Unity	juliocacko	CC0 (theo bo loc itch - kiem lai LICENSE trong goi)	mien phi	2d	node cong-cu/lay.mjs itch juliocacko/free-input-prompts
gibbongl/8-directional-gameboy-character-template	8-Directional Game Boy Character Template	gibbongl	CC0 (theo bo loc itch - kiem lai LICENSE trong goi)	mien phi	2d	node cong-cu/lay.mjs itch gibbongl/8-directional-gameboy-character-template
frosty-rabbid/rpg-ability-icons	RPG Ability Icons Collection	frosty-rabbid	CC0 (theo bo loc itch - kiem lai LICENSE trong goi)	mien phi	2d	node cong-cu/lay.mjs itch frosty-rabbid/rpg-ability-icons
ansimuz/warped-caves	Warped Caves	ansimuz	CC0 (theo bo loc itch - kiem lai LICENSE trong goi)	mien phi	2d	node cong-cu/lay.mjs itch ansimuz/warped-caves
rgsdev/free-cc0-modular-animated-vector-characters-2d	Free CC0 Modular Animated Vector Characters 2D	rgsdev	CC0 (theo bo loc itch - kiem lai LICENSE trong goi)	mien phi	2d	node cong-cu/lay.mjs itch rgsdev/free-cc0-modular-animated-vector-characters-2d
screamingbrainstudios/seamless-sky-backgrounds	Seamless Sky Backgrounds	screamingbrainstudios	CC0 (theo bo loc itch - kiem lai LICENSE trong goi)	mien phi	2d	node cong-cu/lay.mjs itch screamingbrainstudios/seamless-sky-backgrounds
v3x3d/bit-bonanza	Bit Bonanza - Simple Top-Down 10x10 RPG Assets Tileset (1Bit, CC0, Free)	v3x3d	CC0 (theo bo loc itch - kiem lai LICENSE trong goi)	mien phi	2d	node cong-cu/lay.mjs itch v3x3d/bit-bonanza
alexs-assets/16x16-rpg-item-pack	16x16 RPG Item Pack	alexs-assets	CC0 (theo bo loc itch - kiem lai LICENSE trong goi)	mien phi	2d	node cong-cu/lay.mjs itch alexs-assets/16x16-rpg-item-pack
pixelfrog-assets/pirate-bomb	Pirate Bomb	pixelfrog-assets	CC0 (theo bo loc itch - kiem lai LICENSE trong goi)	mien phi	2d	node cong-cu/lay.mjs itch pixelfrog-assets/pirate-bomb
mattwalkden/free-robot-warfare-pack	Free Robot Warfare Pack	mattwalkden	CC0 (theo bo loc itch - kiem lai LICENSE trong goi)	mien phi	2d	node cong-cu/lay.mjs itch mattwalkden/free-robot-warfare-pack
luizmelo/martial-hero	Martial Hero	luizmelo	CC0 (theo bo loc itch - kiem lai LICENSE trong goi)	mien phi	2d	node cong-cu/lay.mjs itch luizmelo/martial-hero
kevins-moms-house/fantasy	fantasy_	kevins-moms-house	CC0 (theo bo loc itch - kiem lai LICENSE trong goi)	mien phi	2d	node cong-cu/lay.mjs itch kevins-moms-house/fantasy
screamingbrainstudios/photorealistic-texture-pack	Photorealistic Texture Pack 1	screamingbrainstudios	CC0 (theo bo loc itch - kiem lai LICENSE trong goi)	mien phi	2d	node cong-cu/lay.mjs itch screamingbrainstudios/photorealistic-texture-pack
egordorichev/adve	Adve	egordorichev	CC0 (theo bo loc itch - kiem lai LICENSE trong goi)	mien phi	2d	node cong-cu/lay.mjs itch egordorichev/adve
screamingbrainstudios/iso-town-pack	Isometric Tiles - Town Pack	screamingbrainstudios	CC0 (theo bo loc itch - kiem lai LICENSE trong goi)	mien phi	2d	node cong-cu/lay.mjs itch screamingbrainstudios/iso-town-pack
essssam/rocky-roads	Rocky Roads Asset Pack	essssam	CC0 (theo bo loc itch - kiem lai LICENSE trong goi)	mien phi	2d	node cong-cu/lay.mjs itch essssam/rocky-roads
v3x3d/bountiful-bits	Bountiful Bits - 10x10 RPG Assets Top-Down Tileset (1Bit, CC0, Free)	v3x3d	CC0 (theo bo loc itch - kiem lai LICENSE trong goi)	mien phi	2d	node cong-cu/lay.mjs itch v3x3d/bountiful-bits
greatdocbrown/coins-gems-etc	Coins & Gems & Chests & More	greatdocbrown	CC0 (theo bo loc itch - kiem lai LICENSE trong goi)	mien phi	2d	node cong-cu/lay.mjs itch greatdocbrown/coins-gems-etc
ansimuz/super-grotto-escape-pack	Warped: Super Grotto Escape Collection	ansimuz	CC0 (theo bo loc itch - kiem lai LICENSE trong goi)	mien phi	2d	node cong-cu/lay.mjs itch ansimuz/super-grotto-escape-pack
dogobongocat/ui-assets-pack-srt	UI assets pack	dogobongocat	CC0 (theo bo loc itch - kiem lai LICENSE trong goi)	mien phi	2d	node cong-cu/lay.mjs itch dogobongocat/ui-assets-pack-srt
screamingbrainstudios/tiny-texture-pack-3	Tiny Texture Pack 3	screamingbrainstudios	CC0 (theo bo loc itch - kiem lai LICENSE trong goi)	mien phi	2d	node cong-cu/lay.mjs itch screamingbrainstudios/tiny-texture-pack-3
merchant-shade/free-16x16-weapon-rpg-icons	Free 16x16 Weapon RPG Icons	merchant-shade	CC0 (theo bo loc itch - kiem lai LICENSE trong goi)	mien phi	2d	node cong-cu/lay.mjs itch merchant-shade/free-16x16-weapon-rpg-icons
luizmelo/hero-knight	Hero Knight	luizmelo	CC0 (theo bo loc itch - kiem lai LICENSE trong goi)	mien phi	2d	node cong-cu/lay.mjs itch luizmelo/hero-knight
foozlecc/void-main-ship	Void - Main Ship	foozlecc	CC0 (theo bo loc itch - kiem lai LICENSE trong goi)	mien phi	2d	node cong-cu/lay.mjs itch foozlecc/void-main-ship
adamgamer1111/keyboard-and-controller-icons	48 x 48 Keyboard and controller icons (Golden version + PS4)	adamgamer1111	CC0 (theo bo loc itch - kiem lai LICENSE trong goi)	$3	2d	node cong-cu/lay.mjs itch adamgamer1111/keyboard-and-controller-icons
dogobongocat/ui-assets-pack-2	UI assets pack 2 :)	dogobongocat	CC0 (theo bo loc itch - kiem lai LICENSE trong goi)	mien phi	2d	node cong-cu/lay.mjs itch dogobongocat/ui-assets-pack-2
grafxkid/sprite-pack-7	Sprite Pack 7	grafxkid	CC0 (theo bo loc itch - kiem lai LICENSE trong goi)	mien phi	2d	node cong-cu/lay.mjs itch grafxkid/sprite-pack-7
luizmelo/pet-cat-pack	Pet Cats Pack	luizmelo	CC0 (theo bo loc itch - kiem lai LICENSE trong goi)	mien phi	2d	node cong-cu/lay.mjs itch luizmelo/pet-cat-pack
luizmelo/wizard-pack	Wizard Pack	luizmelo	CC0 (theo bo loc itch - kiem lai LICENSE trong goi)	mien phi	2d	node cong-cu/lay.mjs itch luizmelo/wizard-pack
0x72/16x16-dungeon-tileset	16x16 Dungeon Tileset	0x72	CC0 (theo bo loc itch - kiem lai LICENSE trong goi)	mien phi	2d	node cong-cu/lay.mjs itch 0x72/16x16-dungeon-tileset
luizmelo/evil-wizard	Evil Wizard	luizmelo	CC0 (theo bo loc itch - kiem lai LICENSE trong goi)	mien phi	2d	node cong-cu/lay.mjs itch luizmelo/evil-wizard
bakudas/generic-run-n-gun	Generic RUN n' GUN pack	bakudas	CC0 (theo bo loc itch - kiem lai LICENSE trong goi)	mien phi	2d	node cong-cu/lay.mjs itch bakudas/generic-run-n-gun
tiopalada/tiny-rpg-mana-soul-gui	Tiny RPG - Mana Soul GUI	tiopalada	CC0 (theo bo loc itch - kiem lai LICENSE trong goi)	mien phi	2d	node cong-cu/lay.mjs itch tiopalada/tiny-rpg-mana-soul-gui
grafxkid/sprite-pack-6	Sprite Pack 6	grafxkid	CC0 (theo bo loc itch - kiem lai LICENSE trong goi)	mien phi	2d	node cong-cu/lay.mjs itch grafxkid/sprite-pack-6
foozlecc/trap-pack	Pixel Trap Pack - 30 Animated Traps	foozlecc	CC0 (theo bo loc itch - kiem lai LICENSE trong goi)	mien phi	2d	node cong-cu/lay.mjs itch foozlecc/trap-pack
devilsworkshop/isometric-tiles-pixel-art	Isometric Tiles - Pixel Art	devilsworkshop	CC0 (theo bo loc itch - kiem lai LICENSE trong goi)	mien phi	2d	node cong-cu/lay.mjs itch devilsworkshop/isometric-tiles-pixel-art
mattwalkden/free-space-runner-pack	Free Space Runner Pack	mattwalkden	CC0 (theo bo loc itch - kiem lai LICENSE trong goi)	mien phi	2d	node cong-cu/lay.mjs itch mattwalkden/free-space-runner-pack
kronbits/inca-game-assets	Inca Game Assets	kronbits	CC0 (theo bo loc itch - kiem lai LICENSE trong goi)	mien phi	2d	node cong-cu/lay.mjs itch kronbits/inca-game-assets
luizmelo/fire-worm	Fire Worm	luizmelo	CC0 (theo bo loc itch - kiem lai LICENSE trong goi)	mien phi	2d	node cong-cu/lay.mjs itch luizmelo/fire-worm
screamingbrainstudios/isotilepack	Isometric Tiles - Floor Pack	screamingbrainstudios	CC0 (theo bo loc itch - kiem lai LICENSE trong goi)	mien phi	2d	node cong-cu/lay.mjs itch screamingbrainstudios/isotilepack
ggbot/public-pixel-font	Public Pixel Font - CC0	ggbot	CC0 (theo bo loc itch - kiem lai LICENSE trong goi)	mien phi	2d	node cong-cu/lay.mjs itch ggbot/public-pixel-font
ansimuz/bulkhead-walls-environment	Bulkhead Walls Environment	ansimuz	CC0 (theo bo loc itch - kiem lai LICENSE trong goi)	mien phi	2d	node cong-cu/lay.mjs itch ansimuz/bulkhead-walls-environment
luizmelo/huntress	Huntress	luizmelo	CC0 (theo bo loc itch - kiem lai LICENSE trong goi)	mien phi	2d	node cong-cu/lay.mjs itch luizmelo/huntress
laredgames/gems-coins-free	Gems / Coins Free	laredgames	CC0 (theo bo loc itch - kiem lai LICENSE trong goi)	mien phi	2d	node cong-cu/lay.mjs itch laredgames/gems-coins-free
o-lobster/simple-dungeon-crawler-16x16-pixel-pack	Simple Dungeon Crawler 16x16 Pixel Art Asset Pack	o-lobster	CC0 (theo bo loc itch - kiem lai LICENSE trong goi)	mien phi	2d	node cong-cu/lay.mjs itch o-lobster/simple-dungeon-crawler-16x16-pixel-pack
octoshrimpy/tranquil-tunnels	Tranquil Tunnels	octoshrimpy	CC0 (theo bo loc itch - kiem lai LICENSE trong goi)	mien phi	2d	node cong-cu/lay.mjs itch octoshrimpy/tranquil-tunnels
screamingbrainstudios/circular-texture-pack	Circular Texture Pack	screamingbrainstudios	CC0 (theo bo loc itch - kiem lai LICENSE trong goi)	mien phi	2d	node cong-cu/lay.mjs itch screamingbrainstudios/circular-texture-pack
luizmelo/martial-hero-2	Martial Hero 2	luizmelo	CC0 (theo bo loc itch - kiem lai LICENSE trong goi)	mien phi	2d	node cong-cu/lay.mjs itch luizmelo/martial-hero-2
jestan/weapons-pack	The Ultimate Weapons Pack	jestan	CC0 (theo bo loc itch - kiem lai LICENSE trong goi)	mien phi	2d	node cong-cu/lay.mjs itch jestan/weapons-pack
luizmelo/medieval-warrior-pack	Medieval Warrior Pack	luizmelo	CC0 (theo bo loc itch - kiem lai LICENSE trong goi)	mien phi	2d	node cong-cu/lay.mjs itch luizmelo/medieval-warrior-pack
ansimuz/caverns-environment	Caverns Environment	ansimuz	CC0 (theo bo loc itch - kiem lai LICENSE trong goi)	mien phi	2d	node cong-cu/lay.mjs itch ansimuz/caverns-environment
0x72/microfantasy	µFantasy Tileset	0x72	CC0 (theo bo loc itch - kiem lai LICENSE trong goi)	mien phi	2d	node cong-cu/lay.mjs itch 0x72/microfantasy
stealthix/various-backgrounds	Pixel-Art Backgrounds	stealthix	CC0 (theo bo loc itch - kiem lai LICENSE trong goi)	mien phi	2d	node cong-cu/lay.mjs itch stealthix/various-backgrounds
wenrexa/uilight	Free Pro UI Light Minimalism	wenrexa	CC0 (theo bo loc itch - kiem lai LICENSE trong goi)	mien phi	2d	node cong-cu/lay.mjs itch wenrexa/uilight
crumpaloo/whimsy-hallow	Free - Whimsy Hallow Asset Pack - Dungeon	crumpaloo	CC0 (theo bo loc itch - kiem lai LICENSE trong goi)	mien phi	2d	node cong-cu/lay.mjs itch crumpaloo/whimsy-hallow
styloo/2d-city	2D City Asset Pack	styloo	CC0 (theo bo loc itch - kiem lai LICENSE trong goi)	mien phi	2d	node cong-cu/lay.mjs itch styloo/2d-city
rgsdev/animated-stick-figure-character-2d-free-cc0	Animated Stick Figure Character 2D Free CC0	rgsdev	CC0 (theo bo loc itch - kiem lai LICENSE trong goi)	mien phi	2d	node cong-cu/lay.mjs itch rgsdev/animated-stick-figure-character-2d-free-cc0
grafxkid/mini-pixel-pack-2	Mini Pixel Pack 2	grafxkid	CC0 (theo bo loc itch - kiem lai LICENSE trong goi)	mien phi	2d	node cong-cu/lay.mjs itch grafxkid/mini-pixel-pack-2
foozlecc/pixel-magic-sprite-effects	Pixel Magic Effects	foozlecc	CC0 (theo bo loc itch - kiem lai LICENSE trong goi)	mien phi	2d	node cong-cu/lay.mjs itch foozlecc/pixel-magic-sprite-effects
markgosbell/70-free-flat-greyscale-dungeon-assets	70+ Free Flat Greyscale Dungeon Assets	markgosbell	CC0 (theo bo loc itch - kiem lai LICENSE trong goi)	mien phi	2d	node cong-cu/lay.mjs itch markgosbell/70-free-flat-greyscale-dungeon-assets
alexs-assets/16x16-outdoors-tileset	16x16 Outdoors Tileset	alexs-assets	CC0 (theo bo loc itch - kiem lai LICENSE trong goi)	mien phi	2d	node cong-cu/lay.mjs itch alexs-assets/16x16-outdoors-tileset
bakudas/generic-dungeon-pack	Generic DUNGEON Pack	bakudas	CC0 (theo bo loc itch - kiem lai LICENSE trong goi)	mien phi	2d	node cong-cu/lay.mjs itch bakudas/generic-dungeon-pack
tiopalada/tiny-rpg-dark-dwellers-gui	Tiny RPG - Dark Dwellers GUI	tiopalada	CC0 (theo bo loc itch - kiem lai LICENSE trong goi)	mien phi	2d	node cong-cu/lay.mjs itch tiopalada/tiny-rpg-dark-dwellers-gui
stealthix/animated-traps	Animated Traps	stealthix	CC0 (theo bo loc itch - kiem lai LICENSE trong goi)	mien phi	2d	node cong-cu/lay.mjs itch stealthix/animated-traps
luizmelo/martial-hero-3	Martial Hero 3	luizmelo	CC0 (theo bo loc itch - kiem lai LICENSE trong goi)	mien phi	2d	node cong-cu/lay.mjs itch luizmelo/martial-hero-3
hormelz/8-directional-knight	8 Directional Knight Character	hormelz	CC0 (theo bo loc itch - kiem lai LICENSE trong goi)	mien phi	2d	node cong-cu/lay.mjs itch hormelz/8-directional-knight
wenrexa/nesia01	Assets Free: UI Sci-Fi Minimalism #01	wenrexa	CC0 (theo bo loc itch - kiem lai LICENSE trong goi)	mien phi	2d	node cong-cu/lay.mjs itch wenrexa/nesia01
foozlecc/void-environment-pack	Void - Environment Pack	foozlecc	CC0 (theo bo loc itch - kiem lai LICENSE trong goi)	mien phi	2d	node cong-cu/lay.mjs itch foozlecc/void-environment-pack
gibbongl/gboracles-character-interior-pack	GB Oracles: Character & Interior Pack	gibbongl	CC0 (theo bo loc itch - kiem lai LICENSE trong goi)	$5	2d	node cong-cu/lay.mjs itch gibbongl/gboracles-character-interior-pack
screamingbrainstudios/planetpack	2D Planet Pack 1	screamingbrainstudios	CC0 (theo bo loc itch - kiem lai LICENSE trong goi)	mien phi	2d	node cong-cu/lay.mjs itch screamingbrainstudios/planetpack
milkandbanana/gradient-color-pallete	Gradient Color Pallete	milkandbanana	CC0 (theo bo loc itch - kiem lai LICENSE trong goi)	mien phi	2d	node cong-cu/lay.mjs itch milkandbanana/gradient-color-pallete
ggbot/first-time-writing-font	First Time Writing! Font - CC0	ggbot	CC0 (theo bo loc itch - kiem lai LICENSE trong goi)	mien phi	2d	node cong-cu/lay.mjs itch ggbot/first-time-writing-font
screamingbrainstudios/2d-planet-pack-2	2D Planet Pack 2	screamingbrainstudios	CC0 (theo bo loc itch - kiem lai LICENSE trong goi)	mien phi	2d	node cong-cu/lay.mjs itch screamingbrainstudios/2d-planet-pack-2
leo-red/lucid-icon-pack	Lucid Icons	leo-red	CC0 (theo bo loc itch - kiem lai LICENSE trong goi)	mien phi	2d	node cong-cu/lay.mjs itch leo-red/lucid-icon-pack
foozlecc/sci-fi-lab-tileset-decor-traps	Sci-fi Lab - Tileset / Decor / Traps	foozlecc	CC0 (theo bo loc itch - kiem lai LICENSE trong goi)	mien phi	2d	node cong-cu/lay.mjs itch foozlecc/sci-fi-lab-tileset-decor-traps
ggbot/home-video-font	Home Video Font - CC0	ggbot	CC0 (theo bo loc itch - kiem lai LICENSE trong goi)	mien phi	2d	node cong-cu/lay.mjs itch ggbot/home-video-font
luizmelo/huntress-2	Huntress 2	luizmelo	CC0 (theo bo loc itch - kiem lai LICENSE trong goi)	mien phi	2d	node cong-cu/lay.mjs itch luizmelo/huntress-2
grafxkid/cave-tileset	Cave Tileset	grafxkid	CC0 (theo bo loc itch - kiem lai LICENSE trong goi)	mien phi	2d	node cong-cu/lay.mjs itch grafxkid/cave-tileset
foozlecc/void-fleet-pack-1	Void - Fleet Pack 1 - Kla'ed	foozlecc	CC0 (theo bo loc itch - kiem lai LICENSE trong goi)	mien phi	2d	node cong-cu/lay.mjs itch foozlecc/void-fleet-pack-1
smithygames/crow-sprite	Crow Sprite	smithygames	CC0 (theo bo loc itch - kiem lai LICENSE trong goi)	mien phi	2d	node cong-cu/lay.mjs itch smithygames/crow-sprite
screamingbrainstudios/poker-pack	2D Poker Pack	screamingbrainstudios	CC0 (theo bo loc itch - kiem lai LICENSE trong goi)	mien phi	2d	node cong-cu/lay.mjs itch screamingbrainstudios/poker-pack
foozlecc/void-fleet-pack-2	Void - Fleet Pack 2 - Nairan	foozlecc	CC0 (theo bo loc itch - kiem lai LICENSE trong goi)	mien phi	2d	node cong-cu/lay.mjs itch foozlecc/void-fleet-pack-2
ggbot/ggbotnet-fonts-cc0	GGBotNet Fonts CC0 (All-in-1)	ggbot	CC0 (theo bo loc itch - kiem lai LICENSE trong goi)	mien phi	2d	node cong-cu/lay.mjs itch ggbot/ggbotnet-fonts-cc0
thkaspar/1-bit-icons	1-Bit Icons	thkaspar	CC0 (theo bo loc itch - kiem lai LICENSE trong goi)	mien phi	2d	node cong-cu/lay.mjs itch thkaspar/1-bit-icons
v3x3d/pattern-panic	Pattern Panic - 10x10 Top-Down Tiles (1Bit, CC0, Free)	v3x3d	CC0 (theo bo loc itch - kiem lai LICENSE trong goi)	mien phi	2d	node cong-cu/lay.mjs itch v3x3d/pattern-panic
devilsworkshop/lowpoly-forest-pack	Low Poly Forest Pack	devilsworkshop	CC0 (theo bo loc itch - kiem lai LICENSE trong goi)	mien phi	2d	node cong-cu/lay.mjs itch devilsworkshop/lowpoly-forest-pack
luizmelo/medieval-warrior-pack-3	Medieval Warrior Pack 3	luizmelo	CC0 (theo bo loc itch - kiem lai LICENSE trong goi)	mien phi	2d	node cong-cu/lay.mjs itch luizmelo/medieval-warrior-pack-3
kronbits/matriax-free-assets	PixelArt Free Game Assets	kronbits	CC0 (theo bo loc itch - kiem lai LICENSE trong goi)	mien phi	2d	node cong-cu/lay.mjs itch kronbits/matriax-free-assets
grafxkid/sprite-pack-4	Sprite Pack 4	grafxkid	CC0 (theo bo loc itch - kiem lai LICENSE trong goi)	mien phi	2d	node cong-cu/lay.mjs itch grafxkid/sprite-pack-4
luizmelo/fantasy-warrior	Fantasy Warrior	luizmelo	CC0 (theo bo loc itch - kiem lai LICENSE trong goi)	mien phi	2d	node cong-cu/lay.mjs itch luizmelo/fantasy-warrior
rohhsa/free-psx-ui	COMPLETE AND FREE PSX UI (USER INTERFACE)	rohhsa	CC0 (theo bo loc itch - kiem lai LICENSE trong goi)	mien phi	2d	node cong-cu/lay.mjs itch rohhsa/free-psx-ui
styloo/2dclassroom	2D School Classroom Asset Pack	styloo	CC0 (theo bo loc itch - kiem lai LICENSE trong goi)	mien phi	2d	node cong-cu/lay.mjs itch styloo/2dclassroom
stealthix/animated-fires	Animated Fires	stealthix	CC0 (theo bo loc itch - kiem lai LICENSE trong goi)	mien phi	2d	node cong-cu/lay.mjs itch stealthix/animated-fires
henrysoftware/pixel-effects	Pixel Effects!	henrysoftware	CC0 (theo bo loc itch - kiem lai LICENSE trong goi)	$7	2d	node cong-cu/lay.mjs itch henrysoftware/pixel-effects
grafxkid/sprite-pack-5	Sprite Pack 5	grafxkid	CC0 (theo bo loc itch - kiem lai LICENSE trong goi)	mien phi	2d	node cong-cu/lay.mjs itch grafxkid/sprite-pack-5
screamingbrainstudios/photorealistic-texture-pack-2	Photorealistic Texture Pack 2	screamingbrainstudios	CC0 (theo bo loc itch - kiem lai LICENSE trong goi)	mien phi	2d	node cong-cu/lay.mjs itch screamingbrainstudios/photorealistic-texture-pack-2
wenrexa/uidarktemplar	Assets: UI MMORPG Dark Templar	wenrexa	CC0 (theo bo loc itch - kiem lai LICENSE trong goi)	$5.25	2d	node cong-cu/lay.mjs itch wenrexa/uidarktemplar
gibbongl/gbcrystal-base-tilesets	GB Crystal: Base Tilesets	gibbongl	CC0 (theo bo loc itch - kiem lai LICENSE trong goi)	$5	2d	node cong-cu/lay.mjs itch gibbongl/gbcrystal-base-tilesets
wenrexa/ui-different03	Assets: Free UI KIT #3 [Windows, Icons, Panels, Buttons]	wenrexa	CC0 (theo bo loc itch - kiem lai LICENSE trong goi)	mien phi	2d	node cong-cu/lay.mjs itch wenrexa/ui-different03
karsiori/woods-tileset-and-background	FREE Pixel Art Woods Tileset and Background	karsiori	CC0 (theo bo loc itch - kiem lai LICENSE trong goi)	mien phi	2d	node cong-cu/lay.mjs itch karsiori/woods-tileset-and-background
ghostpixxells/pixel-mart	Pixel Mart	ghostpixxells	CC0 (theo bo loc itch - kiem lai LICENSE trong goi)	mien phi	2d	node cong-cu/lay.mjs itch ghostpixxells/pixel-mart
dumivid/mechanized-magic-2d-vector-fantasy-robot-cards-pack	Mechanized Magic: 2D Vector Cards Pack	dumivid	CC0 (theo bo loc itch - kiem lai LICENSE trong goi)	mien phi	2d	node cong-cu/lay.mjs itch dumivid/mechanized-magic-2d-vector-fantasy-robot-cards-pack
stealthix/rpg-nature-tileset	RPG Nature Tileset - Seasons	stealthix	CC0 (theo bo loc itch - kiem lai LICENSE trong goi)	mien phi	2d	node cong-cu/lay.mjs itch stealthix/rpg-nature-tileset
grafxkid/mini-pixel-pack-3	Mini Pixel Pack 3	grafxkid	CC0 (theo bo loc itch - kiem lai LICENSE trong goi)	mien phi	2d	node cong-cu/lay.mjs itch grafxkid/mini-pixel-pack-3
foozlecc/void-fleet-pack-3	Void - Fleet Pack 3 - Nautolan	foozlecc	CC0 (theo bo loc itch - kiem lai LICENSE trong goi)	mien phi	2d	node cong-cu/lay.mjs itch foozlecc/void-fleet-pack-3
luizmelo/medieval-warrior-pack-2	Medieval Warrior Pack 2	luizmelo	CC0 (theo bo loc itch - kiem lai LICENSE trong goi)	mien phi	2d	node cong-cu/lay.mjs itch luizmelo/medieval-warrior-pack-2
wenrexa/spells-4	FREE Assets: Skill & Ability Icons Pack[+70] #4	wenrexa	CC0 (theo bo loc itch - kiem lai LICENSE trong goi)	mien phi	2d	node cong-cu/lay.mjs itch wenrexa/spells-4
luizmelo/medieval-king-pack-2	Medieval King Pack 2	luizmelo	CC0 (theo bo loc itch - kiem lai LICENSE trong goi)	mien phi	2d	node cong-cu/lay.mjs itch luizmelo/medieval-king-pack-2
luizmelo/hero-knight-2	Hero Knight 2	luizmelo	CC0 (theo bo loc itch - kiem lai LICENSE trong goi)	mien phi	2d	node cong-cu/lay.mjs itch luizmelo/hero-knight-2
styloo/2d-village	2D Village Asset Pack	styloo	CC0 (theo bo loc itch - kiem lai LICENSE trong goi)	mien phi	2d	node cong-cu/lay.mjs itch styloo/2d-village
rvros/pixel-art-animated-slime	Animated Pixel Slime	rvros	CC0 (theo bo loc itch - kiem lai LICENSE trong goi)	mien phi	2d	node cong-cu/lay.mjs itch rvros/pixel-art-animated-slime
grafxkid/sprite-pack-3	Sprite Pack 3	grafxkid	CC0 (theo bo loc itch - kiem lai LICENSE trong goi)	mien phi	2d	node cong-cu/lay.mjs itch grafxkid/sprite-pack-3
atari-boy/skull-wolf-pixel-art	Skull Wolf Pixel art	atari-boy	CC0 (theo bo loc itch - kiem lai LICENSE trong goi)	mien phi	2d	node cong-cu/lay.mjs itch atari-boy/skull-wolf-pixel-art
styloo/2d-dungeon	2d Dungeon Asset Pack	styloo	CC0 (theo bo loc itch - kiem lai LICENSE trong goi)	mien phi	2d	node cong-cu/lay.mjs itch styloo/2d-dungeon
limofeus/pixel-simulations	Pixel simulations	limofeus	CC0 (theo bo loc itch - kiem lai LICENSE trong goi)	mien phi	2d	node cong-cu/lay.mjs itch limofeus/pixel-simulations
screamingbrainstudios/isometric-object-pack	Isometric Tiles - Object Pack	screamingbrainstudios	CC0 (theo bo loc itch - kiem lai LICENSE trong goi)	mien phi	2d	node cong-cu/lay.mjs itch screamingbrainstudios/isometric-object-pack
thkaspar/micro-character-bases	Micro Character Bases	thkaspar	CC0 (theo bo loc itch - kiem lai LICENSE trong goi)	mien phi	2d	node cong-cu/lay.mjs itch thkaspar/micro-character-bases
wenrexa/kit-nesia2	Assets: Free UI Minimalism SciFi	wenrexa	CC0 (theo bo loc itch - kiem lai LICENSE trong goi)	mien phi	2d	node cong-cu/lay.mjs itch wenrexa/kit-nesia2
screamingbrainstudios/isometric-floor-texture-pack	Isometric Floor Texture Pack	screamingbrainstudios	CC0 (theo bo loc itch - kiem lai LICENSE trong goi)	mien phi	2d	node cong-cu/lay.mjs itch screamingbrainstudios/isometric-floor-texture-pack
zintoki/space-breaker	Space Breaker	zintoki	CC0 (theo bo loc itch - kiem lai LICENSE trong goi)	mien phi	2d	node cong-cu/lay.mjs itch zintoki/space-breaker
wenrexa/cursors4	Assets: Magic Cursors Pack 4 [+77]	wenrexa	CC0 (theo bo loc itch - kiem lai LICENSE trong goi)	mien phi	2d	node cong-cu/lay.mjs itch wenrexa/cursors4
atari-boy/oldherocharacter	Old hero Pixel Art character	atari-boy	CC0 (theo bo loc itch - kiem lai LICENSE trong goi)	mien phi	2d	node cong-cu/lay.mjs itch atari-boy/oldherocharacter
ggbot/y2k-texture-pack	Y2K Texture Pack	ggbot	CC0 (theo bo loc itch - kiem lai LICENSE trong goi)	mien phi	2d	node cong-cu/lay.mjs itch ggbot/y2k-texture-pack
devilsworkshop/3d-low-poly-car-game-asset-pack-vehicles-free	Low Poly Cars	devilsworkshop	CC0 (theo bo loc itch - kiem lai LICENSE trong goi)	mien phi	2d	node cong-cu/lay.mjs itch devilsworkshop/3d-low-poly-car-game-asset-pack-vehicles-free
grafxkid/sprite-pack-1	Sprite Pack 1	grafxkid	CC0 (theo bo loc itch - kiem lai LICENSE trong goi)	mien phi	2d	node cong-cu/lay.mjs itch grafxkid/sprite-pack-1
wenrexa/ui-different02	Assets Free Interface UI KIT #4 [Icons, Bars, Buttons]	wenrexa	CC0 (theo bo loc itch - kiem lai LICENSE trong goi)	mien phi	2d	node cong-cu/lay.mjs itch wenrexa/ui-different02
rgsdev/character-prototype-animated-cc0	Character Prototype Animated CC0	rgsdev	CC0 (theo bo loc itch - kiem lai LICENSE trong goi)	mien phi	2d	node cong-cu/lay.mjs itch rgsdev/character-prototype-animated-cc0
styloo/river-parallax-background	Parallax Backgrounds!	styloo	CC0 (theo bo loc itch - kiem lai LICENSE trong goi)	mien phi	2d	node cong-cu/lay.mjs itch styloo/river-parallax-background
thkaspar/sci-fi-robot-parts	Sci Fi Robot Parts	thkaspar	CC0 (theo bo loc itch - kiem lai LICENSE trong goi)	mien phi	2d	node cong-cu/lay.mjs itch thkaspar/sci-fi-robot-parts
bigbuckbunny/platform-assets-pack	Platformer assets pack	bigbuckbunny	CC0 (theo bo loc itch - kiem lai LICENSE trong goi)	mien phi	2d	node cong-cu/lay.mjs itch bigbuckbunny/platform-assets-pack
screamingbrainstudios/iso-overworld-pack	Isometric Tiles - Overworld Pack	screamingbrainstudios	CC0 (theo bo loc itch - kiem lai LICENSE trong goi)	mien phi	2d	node cong-cu/lay.mjs itch screamingbrainstudios/iso-overworld-pack
karsiori/free-pixel-art-tree-pack	FREE Pixel Art Tree Pack	karsiori	CC0 (theo bo loc itch - kiem lai LICENSE trong goi)	mien phi	2d	node cong-cu/lay.mjs itch karsiori/free-pixel-art-tree-pack
luizmelo/tiny-platformer-forest-asset-pack	Tiny Platformer - Forest Asset Pack	luizmelo	CC0 (theo bo loc itch - kiem lai LICENSE trong goi)	mien phi	2d	node cong-cu/lay.mjs itch luizmelo/tiny-platformer-forest-asset-pack
screamingbrainstudios/mini-texture-pack-1	Mini Texture Pack 1: Tile Floors	screamingbrainstudios	CC0 (theo bo loc itch - kiem lai LICENSE trong goi)	mien phi	2d	node cong-cu/lay.mjs itch screamingbrainstudios/mini-texture-pack-1
reaktori/debts-in-the-depths-asset-pack	Debts in the Depths - Free Pixel Art Dungeon Asset Pack	reaktori	CC0 (theo bo loc itch - kiem lai LICENSE trong goi)	mien phi	2d	node cong-cu/lay.mjs itch reaktori/debts-in-the-depths-asset-pack
stealthix/32-x-32-dungeon-assets	Dungeon Assets 32 x 32 px	stealthix	CC0 (theo bo loc itch - kiem lai LICENSE trong goi)	mien phi	2d	node cong-cu/lay.mjs itch stealthix/32-x-32-dungeon-assets
comigo/farm-puzzle-animals	Farm, Puzzle & Animals graphics pack	comigo	CC0 (theo bo loc itch - kiem lai LICENSE trong goi)	mien phi	2d	node cong-cu/lay.mjs itch comigo/farm-puzzle-animals
henrysoftware/pixel-mob	Pixel Mob!	henrysoftware	CC0 (theo bo loc itch - kiem lai LICENSE trong goi)	$7	2d	node cong-cu/lay.mjs itch henrysoftware/pixel-mob
tiopalada/tiny-rpg-emoji-pack-i	Tiny RPG - Emoji Pack I	tiopalada	CC0 (theo bo loc itch - kiem lai LICENSE trong goi)	mien phi	2d	node cong-cu/lay.mjs itch tiopalada/tiny-rpg-emoji-pack-i
wenrexa/pixelassets1	WENREXA PIXEL ASSETS | All Pixel Assets + 3.000	wenrexa	CC0 (theo bo loc itch - kiem lai LICENSE trong goi)	$2.73	2d	node cong-cu/lay.mjs itch wenrexa/pixelassets1
hormelz/8-directional-char	8 Directional 2DHD Pixel Art Animated Character	hormelz	CC0 (theo bo loc itch - kiem lai LICENSE trong goi)	mien phi	2d	node cong-cu/lay.mjs itch hormelz/8-directional-char
limofeus/handdrawniconpack	Hand drawn dungeon icon pack	limofeus	CC0 (theo bo loc itch - kiem lai LICENSE trong goi)	mien phi	2d	node cong-cu/lay.mjs itch limofeus/handdrawniconpack
henrysoftware/godot-pixel-food	Godot Pixel Food	henrysoftware	CC0 (theo bo loc itch - kiem lai LICENSE trong goi)	mien phi	2d	node cong-cu/lay.mjs itch henrysoftware/godot-pixel-food
raventale/nature-tile-set	Nature Basic Tile Set	raventale	CC0 (theo bo loc itch - kiem lai LICENSE trong goi)	mien phi	2d	node cong-cu/lay.mjs itch raventale/nature-tile-set
bakudas/generic-platformer-pack	Generic PLATFORMER Pack	bakudas	CC0 (theo bo loc itch - kiem lai LICENSE trong goi)	mien phi	2d	node cong-cu/lay.mjs itch bakudas/generic-platformer-pack
karsiori/pixel-art-potion-pack-animated	FREE Pixel Art Potion Pack - Animated	karsiori	CC0 (theo bo loc itch - kiem lai LICENSE trong goi)	mien phi	2d	node cong-cu/lay.mjs itch karsiori/pixel-art-potion-pack-animated
tainara-p/female-character-sprite-creator	Female Character Sprite Creator - Descontinued!	tainara-p	CC0 (theo bo loc itch - kiem lai LICENSE trong goi)	mien phi	2d	node cong-cu/lay.mjs itch tainara-p/female-character-sprite-creator
v3x3d/deep-night	Deep Night - 8x8 Platformer Assets Tileset (CC0, Free)	v3x3d	CC0 (theo bo loc itch - kiem lai LICENSE trong goi)	mien phi	2d	node cong-cu/lay.mjs itch v3x3d/deep-night
jestan/trees	Pixel Tree Set	jestan	CC0 (theo bo loc itch - kiem lai LICENSE trong goi)	mien phi	2d	node cong-cu/lay.mjs itch jestan/trees
mreliptik/playing-cards-packs-52-cards	Stylized Playing cards pack (52 cards) (black/white)	mreliptik	CC0 (theo bo loc itch - kiem lai LICENSE trong goi)	mien phi	2d	node cong-cu/lay.mjs itch mreliptik/playing-cards-packs-52-cards
not-jam/not-jam-blackletter-13	Not Jam Blackletter 13	not-jam	CC0 (theo bo loc itch - kiem lai LICENSE trong goi)	mien phi	2d	node cong-cu/lay.mjs itch not-jam/not-jam-blackletter-13
henrysoftware/pixel-fonts	Pixel Fonts!	henrysoftware	CC0 (theo bo loc itch - kiem lai LICENSE trong goi)	$3	2d	node cong-cu/lay.mjs itch henrysoftware/pixel-fonts
screamingbrainstudios/texture-grid-pack	Texture Grid Pack	screamingbrainstudios	CC0 (theo bo loc itch - kiem lai LICENSE trong goi)	mien phi	2d	node cong-cu/lay.mjs itch screamingbrainstudios/texture-grid-pack
screamingbrainstudios/isowallpack	Isometric Tiles - Wall Pack	screamingbrainstudios	CC0 (theo bo loc itch - kiem lai LICENSE trong goi)	mien phi	2d	node cong-cu/lay.mjs itch screamingbrainstudios/isowallpack
stealthix/horror-interior-assets	Horror Fantasy Assets	stealthix	CC0 (theo bo loc itch - kiem lai LICENSE trong goi)	mien phi	2d	node cong-cu/lay.mjs itch stealthix/horror-interior-assets
grafxkid/sprite-pack-8	Sprite Pack 8	grafxkid	CC0 (theo bo loc itch - kiem lai LICENSE trong goi)	mien phi	2d	node cong-cu/lay.mjs itch grafxkid/sprite-pack-8
karsiori/pixel-art-rock-pile-pack	FREE Pixel Art Rock Pile Pack	karsiori	CC0 (theo bo loc itch - kiem lai LICENSE trong goi)	mien phi	2d	node cong-cu/lay.mjs itch karsiori/pixel-art-rock-pile-pack
henrysoftware/pixel-item	Pixel Item!	henrysoftware	CC0 (theo bo loc itch - kiem lai LICENSE trong goi)	$7	2d	node cong-cu/lay.mjs itch henrysoftware/pixel-item
stealthix/animated-slimes	Animated Slimes 16x16 px	stealthix	CC0 (theo bo loc itch - kiem lai LICENSE trong goi)	mien phi	2d	node cong-cu/lay.mjs itch stealthix/animated-slimes
grafxkid/mini-fx-items-ui	Mini FX, Items & UI	grafxkid	CC0 (theo bo loc itch - kiem lai LICENSE trong goi)	mien phi	2d	node cong-cu/lay.mjs itch grafxkid/mini-fx-items-ui
zintoki/ground-shaker	Ground Shaker	zintoki	CC0 (theo bo loc itch - kiem lai LICENSE trong goi)	mien phi	2d	node cong-cu/lay.mjs itch zintoki/ground-shaker
grafxkid/at01	at01 Pixel Font	grafxkid	CC0 (theo bo loc itch - kiem lai LICENSE trong goi)	mien phi	2d	node cong-cu/lay.mjs itch grafxkid/at01
liminal-space-dev/free-horror-sfx-sounds	FREE HORROR SFX - VN - SCARY SOUND EFFECTS	liminal-space-dev	CC0 (theo bo loc itch - kiem lai LICENSE trong goi)	mien phi	2d	node cong-cu/lay.mjs itch liminal-space-dev/free-horror-sfx-sounds
gibbongl/gboracles-environment-pack	GB Oracles: Environment Pack	gibbongl	CC0 (theo bo loc itch - kiem lai LICENSE trong goi)	$5	2d	node cong-cu/lay.mjs itch gibbongl/gboracles-environment-pack
cucurbitapepo/girl-sprites-for-visual-novel	Girl Sprites for Visual Novels	cucurbitapepo	CC0 (theo bo loc itch - kiem lai LICENSE trong goi)	mien phi	2d	node cong-cu/lay.mjs itch cucurbitapepo/girl-sprites-for-visual-novel
henrysoftware/free-pixel-mob	Free Pixel Mob!	henrysoftware	CC0 (theo bo loc itch - kiem lai LICENSE trong goi)	mien phi	2d	node cong-cu/lay.mjs itch henrysoftware/free-pixel-mob
jik-a-4/metrocity-free-topdown-character-pack	MetroCity - Free Top Down Character Pack	jik-a-4	CC0 (theo bo loc itch - kiem lai LICENSE trong goi)	mien phi	2d	node cong-cu/lay.mjs itch jik-a-4/metrocity-free-topdown-character-pack
alexs-assets/32x32-dungeon-pack	32x32 Dungeon Pack	alexs-assets	CC0 (theo bo loc itch - kiem lai LICENSE trong goi)	mien phi	2d	node cong-cu/lay.mjs itch alexs-assets/32x32-dungeon-pack
rvros/pixel-platformer-tiles	Pixel Art Platformer Tileset	rvros	CC0 (theo bo loc itch - kiem lai LICENSE trong goi)	$6	2d	node cong-cu/lay.mjs itch rvros/pixel-platformer-tiles
not-jam/not-jam-old-style-11	Not Jam Old Style 11	not-jam	CC0 (theo bo loc itch - kiem lai LICENSE trong goi)	mien phi	2d	node cong-cu/lay.mjs itch not-jam/not-jam-old-style-11
soulofkiran/pixel-art-wooden-gui-v1	Pixel Art Wooden GUI v1	soulofkiran	CC0 (theo bo loc itch - kiem lai LICENSE trong goi)	mien phi	2d	node cong-cu/lay.mjs itch soulofkiran/pixel-art-wooden-gui-v1
screamingbrainstudios/isometric-grids	Isometric Grid Pack	screamingbrainstudios	CC0 (theo bo loc itch - kiem lai LICENSE trong goi)	mien phi	2d	node cong-cu/lay.mjs itch screamingbrainstudios/isometric-grids
screamingbrainstudios/abstract-texture-pack	Abstract Texture Pack	screamingbrainstudios	CC0 (theo bo loc itch - kiem lai LICENSE trong goi)	mien phi	2d	node cong-cu/lay.mjs itch screamingbrainstudios/abstract-texture-pack
wenrexa/icons1	Assets: UI Icons Pack Free #1	wenrexa	CC0 (theo bo loc itch - kiem lai LICENSE trong goi)	mien phi	2d	node cong-cu/lay.mjs itch wenrexa/icons1
luizmelo/medieval-king-pack	Medieval King Pack	luizmelo	CC0 (theo bo loc itch - kiem lai LICENSE trong goi)	mien phi	2d	node cong-cu/lay.mjs itch luizmelo/medieval-king-pack
ludonauta/godot-sandbox	Godot Sandbox	ludonauta	CC0 (theo bo loc itch - kiem lai LICENSE trong goi)	mien phi	2d	node cong-cu/lay.mjs itch ludonauta/godot-sandbox
alexs-assets/side-view-game-assets	Side View Assets	alexs-assets	CC0 (theo bo loc itch - kiem lai LICENSE trong goi)	mien phi	2d	node cong-cu/lay.mjs itch alexs-assets/side-view-game-assets
foozlecc/lucifer-warrior	Lucifer - Warrior	foozlecc	CC0 (theo bo loc itch - kiem lai LICENSE trong goi)	mien phi	2d	node cong-cu/lay.mjs itch foozlecc/lucifer-warrior
wenrexa/nesia04	Assets: UI Space Minimalism	wenrexa	CC0 (theo bo loc itch - kiem lai LICENSE trong goi)	$2.70	2d	node cong-cu/lay.mjs itch wenrexa/nesia04
hormelz/8-directional-melee-character	Free 8-Directional Melee Character	hormelz	CC0 (theo bo loc itch - kiem lai LICENSE trong goi)	mien phi	2d	node cong-cu/lay.mjs itch hormelz/8-directional-melee-character
luizmelo/fantasy-creatures	Fantasy Creatures	luizmelo	CC0 (theo bo loc itch - kiem lai LICENSE trong goi)	$15	2d	node cong-cu/lay.mjs itch luizmelo/fantasy-creatures
wenrexa/ui-different01	Assets: Free UI KIT #1 [Windows, Panels, Buttons]	wenrexa	CC0 (theo bo loc itch - kiem lai LICENSE trong goi)	mien phi	2d	node cong-cu/lay.mjs itch wenrexa/ui-different01
screamingbrainstudios/top-down-dungeon-pack	Top Down Tiles - Dungeon Pack	screamingbrainstudios	CC0 (theo bo loc itch - kiem lai LICENSE trong goi)	mien phi	2d	node cong-cu/lay.mjs itch screamingbrainstudios/top-down-dungeon-pack
henrysoftware/pixel-character	Pixel Hero!	henrysoftware	CC0 (theo bo loc itch - kiem lai LICENSE trong goi)	$7	2d	node cong-cu/lay.mjs itch henrysoftware/pixel-character
grafxkid/mini-pixel-pack-1	Mini Pixel Pack 1	grafxkid	CC0 (theo bo loc itch - kiem lai LICENSE trong goi)	mien phi	2d	node cong-cu/lay.mjs itch grafxkid/mini-pixel-pack-1
luizmelo/tiny-platformer-hills-asset-pack	Tiny Platformer - Hills Asset Pack	luizmelo	CC0 (theo bo loc itch - kiem lai LICENSE trong goi)	mien phi	2d	node cong-cu/lay.mjs itch luizmelo/tiny-platformer-hills-asset-pack
grafxkid/sprite-pack-2	Sprite Pack 2	grafxkid	CC0 (theo bo loc itch - kiem lai LICENSE trong goi)	mien phi	2d	node cong-cu/lay.mjs itch grafxkid/sprite-pack-2
ggbot/ava-font	AVA Font - CC0	ggbot	CC0 (theo bo loc itch - kiem lai LICENSE trong goi)	mien phi	2d	node cong-cu/lay.mjs itch ggbot/ava-font
atari-boy/merchant	Merchant character NPC	atari-boy	CC0 (theo bo loc itch - kiem lai LICENSE trong goi)	mien phi	2d	node cong-cu/lay.mjs itch atari-boy/merchant
caz-bee/cute-mushroom-character-sprite	Cute Mushroom Character Sprite	caz-bee	CC0 (theo bo loc itch - kiem lai LICENSE trong goi)	mien phi	2d	node cong-cu/lay.mjs itch caz-bee/cute-mushroom-character-sprite
foozlecc/void-pickups-pack	Void - Pickups Pack	foozlecc	CC0 (theo bo loc itch - kiem lai LICENSE trong goi)	mien phi	2d	node cong-cu/lay.mjs itch foozlecc/void-pickups-pack
deadrevolver/platformer-prototype-pack	Platformer Prototype Pack	deadrevolver	CC0 (theo bo loc itch - kiem lai LICENSE trong goi)	$4.99	2d	node cong-cu/lay.mjs itch deadrevolver/platformer-prototype-pack
styloo/house-2d	FREE Houses 2D	styloo	CC0 (theo bo loc itch - kiem lai LICENSE trong goi)	mien phi	2d	node cong-cu/lay.mjs itch styloo/house-2d
not-jam/not-jam-chunky-sans-6	Not Jam Chunky Sans 6	not-jam	CC0 (theo bo loc itch - kiem lai LICENSE trong goi)	mien phi	2d	node cong-cu/lay.mjs itch not-jam/not-jam-chunky-sans-6
screamingbrainstudios/planet-surface-backgrounds	Planet Surface Backgrounds 1	screamingbrainstudios	CC0 (theo bo loc itch - kiem lai LICENSE trong goi)	mien phi	2d	node cong-cu/lay.mjs itch screamingbrainstudios/planet-surface-backgrounds
anokolisa/legacy-fantasy-dusk-wood	Fantasy Pack - VL.II - Dusk Wood	anokolisa	CC0 (theo bo loc itch - kiem lai LICENSE trong goi)	$5	2d	node cong-cu/lay.mjs itch anokolisa/legacy-fantasy-dusk-wood
kosinaz/16x16-dark-dungeon-tileset	16x16 Dark Dungeon Tileset	kosinaz	CC0 (theo bo loc itch - kiem lai LICENSE trong goi)	mien phi	2d	node cong-cu/lay.mjs itch kosinaz/16x16-dark-dungeon-tileset
styloo/pixel-grass-and-flowers	FREE Pixel Grass And Flowers	styloo	CC0 (theo bo loc itch - kiem lai LICENSE trong goi)	mien phi	2d	node cong-cu/lay.mjs itch styloo/pixel-grass-and-flowers
comigo/fantasy-icons-ink	CC0 Hand-drawn Fantasy Icon Pack	comigo	CC0 (theo bo loc itch - kiem lai LICENSE trong goi)	mien phi	2d	node cong-cu/lay.mjs itch comigo/fantasy-icons-ink
screamingbrainstudios/dungeon-crawler-pack	Old School Dungeon Crawler Pack	screamingbrainstudios	CC0 (theo bo loc itch - kiem lai LICENSE trong goi)	mien phi	2d	node cong-cu/lay.mjs itch screamingbrainstudios/dungeon-crawler-pack
actuallykron/free-emoji-pack	64 FREE Emoji Asset Pack	actuallykron	CC0 (theo bo loc itch - kiem lai LICENSE trong goi)	mien phi	2d	node cong-cu/lay.mjs itch actuallykron/free-emoji-pack
markgosbell/classic-dungeon-map-symbols	Classic Dungeon Map Symbols	markgosbell	CC0 (theo bo loc itch - kiem lai LICENSE trong goi)	mien phi	2d	node cong-cu/lay.mjs itch markgosbell/classic-dungeon-map-symbols
newc-42/medieval-fantasy-16-x-16-pixel-art-items	Medieval & Fantasy Pixel Art Items	newc-42	CC0 (theo bo loc itch - kiem lai LICENSE trong goi)	mien phi	2d	node cong-cu/lay.mjs itch newc-42/medieval-fantasy-16-x-16-pixel-art-items
atari-boy/dark-forest-platform-pack	Dark Forest Platform Pack	atari-boy	CC0 (theo bo loc itch - kiem lai LICENSE trong goi)	mien phi	2d	node cong-cu/lay.mjs itch atari-boy/dark-forest-platform-pack
wenrexa/space-full-assets-pack	Assets Free: Space Modular Buildings	wenrexa	CC0 (theo bo loc itch - kiem lai LICENSE trong goi)	mien phi	2d	node cong-cu/lay.mjs itch wenrexa/space-full-assets-pack
goncalomcoliveira/pixel-patterns	FREE - "Pixel Patterns" - 16x16 + 32x32 Pixel-Art Patterns	goncalomcoliveira	CC0 (theo bo loc itch - kiem lai LICENSE trong goi)	mien phi	2d	node cong-cu/lay.mjs itch goncalomcoliveira/pixel-patterns
fliflifly/hearts-and-health-bar	Hearts and health bar	fliflifly	CC0 (theo bo loc itch - kiem lai LICENSE trong goi)	mien phi	2d	node cong-cu/lay.mjs itch fliflifly/hearts-and-health-bar
momongaa/metrovania-style-2d-platform-game-asset	Metrovania Style 2D platformer barbarian character assets	momongaa	CC0 (theo bo loc itch - kiem lai LICENSE trong goi)	mien phi	2d	node cong-cu/lay.mjs itch momongaa/metrovania-style-2d-platform-game-asset
spriteshift/morning-adventures-tileset	Morning Adventures Tileset	spriteshift	CC0 (theo bo loc itch - kiem lai LICENSE trong goi)	mien phi	2d	node cong-cu/lay.mjs itch spriteshift/morning-adventures-tileset
alexs-assets/16x16-rpg-item-pack-2	16x16 RPG Item Pack 2	alexs-assets	CC0 (theo bo loc itch - kiem lai LICENSE trong goi)	mien phi	2d	node cong-cu/lay.mjs itch alexs-assets/16x16-rpg-item-pack-2
markgosbell/50-free-nature-assets-flat-greyscale	50 Free Nature Assets Flat Greyscale	markgosbell	CC0 (theo bo loc itch - kiem lai LICENSE trong goi)	mien phi	2d	node cong-cu/lay.mjs itch markgosbell/50-free-nature-assets-flat-greyscale
pigeonivy/tiny-speech-indicators	tiny speech indicators (animated)	pigeonivy	CC0 (theo bo loc itch - kiem lai LICENSE trong goi)	mien phi	2d	node cong-cu/lay.mjs itch pigeonivy/tiny-speech-indicators
caz-bee/bat	Bat	caz-bee	CC0 (theo bo loc itch - kiem lai LICENSE trong goi)	mien phi	2d	node cong-cu/lay.mjs itch caz-bee/bat
goncalomcoliveira/industrial-punk	FREE - "Industrial Punk" - 16x16 Side-Scroller Tileset	goncalomcoliveira	CC0 (theo bo loc itch - kiem lai LICENSE trong goi)	mien phi	2d	node cong-cu/lay.mjs itch goncalomcoliveira/industrial-punk
stealthix/1-bit-rpg-tileset	1-Bit RPG Tileset 32x32 Pixels	stealthix	CC0 (theo bo loc itch - kiem lai LICENSE trong goi)	mien phi	2d	node cong-cu/lay.mjs itch stealthix/1-bit-rpg-tileset
karsiori/spruce-tree-pack-pixel-art-animated	FREE Pixel Art Spruce Tree Pack - Animated	karsiori	CC0 (theo bo loc itch - kiem lai LICENSE trong goi)	mien phi	2d	node cong-cu/lay.mjs itch karsiori/spruce-tree-pack-pixel-art-animated
thkaspar/minimal-hex-tileset	Minimal Hex Tileset	thkaspar	CC0 (theo bo loc itch - kiem lai LICENSE trong goi)	mien phi	2d	node cong-cu/lay.mjs itch thkaspar/minimal-hex-tileset
tiopalada/tiny-rpg-dragon-regalia-gui	Tiny RPG - Dragon Regalia GUI	tiopalada	CC0 (theo bo loc itch - kiem lai LICENSE trong goi)	mien phi	2d	node cong-cu/lay.mjs itch tiopalada/tiny-rpg-dragon-regalia-gui
atari-boy/snow-platform-pack	Snow Platform Pack	atari-boy	CC0 (theo bo loc itch - kiem lai LICENSE trong goi)	mien phi	2d	node cong-cu/lay.mjs itch atari-boy/snow-platform-pack
wenrexa/darkmiko	Assets Free Interface UI Dark Miko	wenrexa	CC0 (theo bo loc itch - kiem lai LICENSE trong goi)	mien phi	2d	node cong-cu/lay.mjs itch wenrexa/darkmiko
ggbot/pixelzone-font	Pixelzone Font - CC0	ggbot	CC0 (theo bo loc itch - kiem lai LICENSE trong goi)	mien phi	2d	node cong-cu/lay.mjs itch ggbot/pixelzone-font
luizmelo/dark-knight-2	Dark Knight 2	luizmelo	CC0 (theo bo loc itch - kiem lai LICENSE trong goi)	$12.90	2d	node cong-cu/lay.mjs itch luizmelo/dark-knight-2
foozlecc/cave-and-desert-tileset	Cave and Desert Tileset	foozlecc	CC0 (theo bo loc itch - kiem lai LICENSE trong goi)	mien phi	2d	node cong-cu/lay.mjs itch foozlecc/cave-and-desert-tileset
wenrexa/abstractbq	Assets Free Abstract Backgrounds [+202]	wenrexa	CC0 (theo bo loc itch - kiem lai LICENSE trong goi)	mien phi	2d	node cong-cu/lay.mjs itch wenrexa/abstractbq
btl-games/lsd-dreamy-texture-pack	LSD Dreamy texture pack	btl-games	CC0 (theo bo loc itch - kiem lai LICENSE trong goi)	mien phi	2d	node cong-cu/lay.mjs itch btl-games/lsd-dreamy-texture-pack
wenrexa/cursors-pack-03	Assets: Cursors Pack 3 [RPG, RTS, MMO, TPS]	wenrexa	CC0 (theo bo loc itch - kiem lai LICENSE trong goi)	mien phi	2d	node cong-cu/lay.mjs itch wenrexa/cursors-pack-03
binbun3d/fluid-glass-ui	Godot Fluid Glass UI	binbun3d	CC0 (theo bo loc itch - kiem lai LICENSE trong goi)	mien phi	2d	node cong-cu/lay.mjs itch binbun3d/fluid-glass-ui
bigbuckbunny/jungle-platformer-assets	Jungle platformer assets	bigbuckbunny	CC0 (theo bo loc itch - kiem lai LICENSE trong goi)	mien phi	2d	node cong-cu/lay.mjs itch bigbuckbunny/jungle-platformer-assets
clastic-artistic/caabstracttextures	Abstract Textures	clastic-artistic	CC0 (theo bo loc itch - kiem lai LICENSE trong goi)	mien phi	2d	node cong-cu/lay.mjs itch clastic-artistic/caabstracttextures
foozlecc/spire-enemy-pack-2	Spire - Enemy Pack 2	foozlecc	CC0 (theo bo loc itch - kiem lai LICENSE trong goi)	mien phi	2d	node cong-cu/lay.mjs itch foozlecc/spire-enemy-pack-2
soulofkiran/pixel-art-wooden-font-v1	Pixel Art Wooden Font v1	soulofkiran	CC0 (theo bo loc itch - kiem lai LICENSE trong goi)	mien phi	2d	node cong-cu/lay.mjs itch soulofkiran/pixel-art-wooden-font-v1
hormelz/8-directional-2d-businessman-character	8 Directional 2D Businessman Character	hormelz	CC0 (theo bo loc itch - kiem lai LICENSE trong goi)	mien phi	2d	node cong-cu/lay.mjs itch hormelz/8-directional-2d-businessman-character
screamingbrainstudios/planet-surface-backgrounds-2	Planet Surface Backgrounds 2	screamingbrainstudios	CC0 (theo bo loc itch - kiem lai LICENSE trong goi)	mien phi	2d	node cong-cu/lay.mjs itch screamingbrainstudios/planet-surface-backgrounds-2
foozlecc/spire-tower-pack-3	Spire - Tower Pack 3	foozlecc	CC0 (theo bo loc itch - kiem lai LICENSE trong goi)	mien phi	2d	node cong-cu/lay.mjs itch foozlecc/spire-tower-pack-3
gibbongl/gboracles-adventure-pack	GB Oracles: Adventure Pack	gibbongl	CC0 (theo bo loc itch - kiem lai LICENSE trong goi)	$5	2d	node cong-cu/lay.mjs itch gibbongl/gboracles-adventure-pack
nnda/vintage-tilesets	16x16 Sidescroller Floral Vintage Interior & Exterior Tilesets	nnda	CC0 (theo bo loc itch - kiem lai LICENSE trong goi)	mien phi	2d	node cong-cu/lay.mjs itch nnda/vintage-tilesets
not-jam/haunted-hotel-asset-pack	Haunted Hotel Asset Pack	not-jam	CC0 (theo bo loc itch - kiem lai LICENSE trong goi)	mien phi	2d	node cong-cu/lay.mjs itch not-jam/haunted-hotel-asset-pack
goncalomcoliveira/tiny-tropical-tiles	FREE - "Tiny Tropical Tiles" - 16x16 Platformer Tileset	goncalomcoliveira	CC0 (theo bo loc itch - kiem lai LICENSE trong goi)	mien phi	2d	node cong-cu/lay.mjs itch goncalomcoliveira/tiny-tropical-tiles
luizmelo/ghost-warrior-3	Ghost Warrior 3	luizmelo	CC0 (theo bo loc itch - kiem lai LICENSE trong goi)	$8	2d	node cong-cu/lay.mjs itch luizmelo/ghost-warrior-3
jik-a-4/metro	MetroCity - Free External Top Down Environment Asset Pack	jik-a-4	CC0 (theo bo loc itch - kiem lai LICENSE trong goi)	mien phi	2d	node cong-cu/lay.mjs itch jik-a-4/metro
tainara-p/male-character-sprite-creator	Male Character Sprite Creator - Descontinued!	tainara-p	CC0 (theo bo loc itch - kiem lai LICENSE trong goi)	mien phi	2d	node cong-cu/lay.mjs itch tainara-p/male-character-sprite-creator
screamingbrainstudios/tiny-planet-pack	Tiny Planet Pack	screamingbrainstudios	CC0 (theo bo loc itch - kiem lai LICENSE trong goi)	mien phi	2d	node cong-cu/lay.mjs itch screamingbrainstudios/tiny-planet-pack
ggbot/jupiteroid-font	Jupiteroid Font - CC0	ggbot	CC0 (theo bo loc itch - kiem lai LICENSE trong goi)	mien phi	2d	node cong-cu/lay.mjs itch ggbot/jupiteroid-font
spoicat/map-legend-icons-2	Map Legend Icons 2	spoicat	CC0 (theo bo loc itch - kiem lai LICENSE trong goi)	mien phi	2d	node cong-cu/lay.mjs itch spoicat/map-legend-icons-2
spoicat/spofonts	Spofonts	spoicat	CC0 (theo bo loc itch - kiem lai LICENSE trong goi)	mien phi	2d	node cong-cu/lay.mjs itch spoicat/spofonts
henrysoftware/pixel-level-free	Free Pixel Level!	henrysoftware	CC0 (theo bo loc itch - kiem lai LICENSE trong goi)	mien phi	2d	node cong-cu/lay.mjs itch henrysoftware/pixel-level-free
gisha/spaceships-asset-pack	FREE Spaceships Vol. 1	gisha	CC0 (theo bo loc itch - kiem lai LICENSE trong goi)	mien phi	2d	node cong-cu/lay.mjs itch gisha/spaceships-asset-pack
wenrexa/werdanta03	Assets: UI RPG Game Interface [Lite Version]	wenrexa	CC0 (theo bo loc itch - kiem lai LICENSE trong goi)	$4.08	2d	node cong-cu/lay.mjs itch wenrexa/werdanta03
karsiori/free-pixel-art-bush-pack	FREE Pixel Art Bush Pack	karsiori	CC0 (theo bo loc itch - kiem lai LICENSE trong goi)	mien phi	2d	node cong-cu/lay.mjs itch karsiori/free-pixel-art-bush-pack
caz-bee/kitty	Kitty	caz-bee	CC0 (theo bo loc itch - kiem lai LICENSE trong goi)	mien phi	2d	node cong-cu/lay.mjs itch caz-bee/kitty
henrysoftware/pixel-level	Pixel Level!	henrysoftware	CC0 (theo bo loc itch - kiem lai LICENSE trong goi)	$7	2d	node cong-cu/lay.mjs itch henrysoftware/pixel-level
foozlecc/cute-platformer-robot	Cute Platformer Robot	foozlecc	CC0 (theo bo loc itch - kiem lai LICENSE trong goi)	mien phi	2d	node cong-cu/lay.mjs itch foozlecc/cute-platformer-robot
dogobongocat/ui-inventory-assets-mini-pack	UI inventory assets mini pack	dogobongocat	CC0 (theo bo loc itch - kiem lai LICENSE trong goi)	mien phi	2d	node cong-cu/lay.mjs itch dogobongocat/ui-inventory-assets-mini-pack
overcrafted/cyberpunk-platformer-tileset	Cyberpunk Platformer Tileset	overcrafted	CC0 (theo bo loc itch - kiem lai LICENSE trong goi)	$9	2d	node cong-cu/lay.mjs itch overcrafted/cyberpunk-platformer-tileset
styloo/houseinteriorassetpack	house interior asset pack !	styloo	CC0 (theo bo loc itch - kiem lai LICENSE trong goi)	$2.99	2d	node cong-cu/lay.mjs itch styloo/houseinteriorassetpack
wareya/versatile-255-tile-pixel-art-pack	Versatile 255-Tile Pixel Art Pack	wareya	CC0 (theo bo loc itch - kiem lai LICENSE trong goi)	mien phi	2d	node cong-cu/lay.mjs itch wareya/versatile-255-tile-pixel-art-pack
foozlecc/spire-enemy-pack-1	Spire - Enemy Pack 1	foozlecc	CC0 (theo bo loc itch - kiem lai LICENSE trong goi)	mien phi	2d	node cong-cu/lay.mjs itch foozlecc/spire-enemy-pack-1
legends-games/pixel-penguin-32x32-asset-pack	Pixel Penguin 32x32 Asset pack	legends-games	CC0 (theo bo loc itch - kiem lai LICENSE trong goi)	mien phi	2d	node cong-cu/lay.mjs itch legends-games/pixel-penguin-32x32-asset-pack
hochupitsu/heart-and-mana	Pixel Heart and Mana UI	hochupitsu	CC0 (theo bo loc itch - kiem lai LICENSE trong goi)	mien phi	2d	node cong-cu/lay.mjs itch hochupitsu/heart-and-mana
bigbuckbunny/dungeon-assets-pack	Dungeon assets pack	bigbuckbunny	CC0 (theo bo loc itch - kiem lai LICENSE trong goi)	mien phi	2d	node cong-cu/lay.mjs itch bigbuckbunny/dungeon-assets-pack
caz-bee/bread	Bread	caz-bee	CC0 (theo bo loc itch - kiem lai LICENSE trong goi)	mien phi	2d	node cong-cu/lay.mjs itch caz-bee/bread
ggbot/crayon-libre-font	Crayon Libre Font - CC0	ggbot	CC0 (theo bo loc itch - kiem lai LICENSE trong goi)	mien phi	2d	node cong-cu/lay.mjs itch ggbot/crayon-libre-font
wenrexa/spacebq2	Assets: Free Space Backgrounds in 10k	wenrexa	CC0 (theo bo loc itch - kiem lai LICENSE trong goi)	mien phi	2d	node cong-cu/lay.mjs itch wenrexa/spacebq2
ggbot/alpha-prota-font	Alpha Prota Font - CC0	ggbot	CC0 (theo bo loc itch - kiem lai LICENSE trong goi)	mien phi	2d	node cong-cu/lay.mjs itch ggbot/alpha-prota-font
fightswithbears/2d-health-and-ammo-pickups	2D Health & Ammo Pickups	fightswithbears	CC0 (theo bo loc itch - kiem lai LICENSE trong goi)	mien phi	2d	node cong-cu/lay.mjs itch fightswithbears/2d-health-and-ammo-pickups
caz-bee/cute-fruit-characters	Cute Fruit Character Sprites	caz-bee	CC0 (theo bo loc itch - kiem lai LICENSE trong goi)	mien phi	2d	node cong-cu/lay.mjs itch caz-bee/cute-fruit-characters
foozlecc/spire-tower-pack-2	Spire - Tower Pack 2	foozlecc	CC0 (theo bo loc itch - kiem lai LICENSE trong goi)	mien phi	2d	node cong-cu/lay.mjs itch foozlecc/spire-tower-pack-2
kevins-moms-house/playersprites	playerSprites_	kevins-moms-house	CC0 (theo bo loc itch - kiem lai LICENSE trong goi)	mien phi	2d	node cong-cu/lay.mjs itch kevins-moms-house/playersprites
m039/blue-space-cave-tileset	Space Cave Tileset 16x16	m039	CC0 (theo bo loc itch - kiem lai LICENSE trong goi)	mien phi	2d	node cong-cu/lay.mjs itch m039/blue-space-cave-tileset
luizmelo/ghost-warrior-2	Ghost Warrior 2	luizmelo	CC0 (theo bo loc itch - kiem lai LICENSE trong goi)	$8	2d	node cong-cu/lay.mjs itch luizmelo/ghost-warrior-2
rgsdev/hand-drawn-square-characters-animated-8-directions-top-down-free-cc0	Hand-Drawn Square Characters Animated 8 Directions Top Down free cc0	rgsdev	CC0 (theo bo loc itch - kiem lai LICENSE trong goi)	mien phi	2d	node cong-cu/lay.mjs itch rgsdev/hand-drawn-square-characters-animated-8-directions-top-down-free-cc0
joytree-studios/2d-pixel-art-gui-asset-pack-elements	2D Pixel Art GUI Asset Pack Elements	joytree-studios	CC0 (theo bo loc itch - kiem lai LICENSE trong goi)	mien phi	2d	node cong-cu/lay.mjs itch joytree-studios/2d-pixel-art-gui-asset-pack-elements
juliocacko/free-super-input-prompt-pack-icons-unreal-unity-godot	FREE Super Input Prompt Icon Pack for PC & Console Games– Compatible with Unreal Engine, Unity & Godot	juliocacko	CC0 (theo bo loc itch - kiem lai LICENSE trong goi)	mien phi	2d	node cong-cu/lay.mjs itch juliocacko/free-super-input-prompt-pack-icons-unreal-unity-godot
murphysdad/sci-fi-facility	Sci-Fi Facility Asset Pack	murphysdad	CC0 (theo bo loc itch - kiem lai LICENSE trong goi)	mien phi	2d	node cong-cu/lay.mjs itch murphysdad/sci-fi-facility
kaboff/mouse-cursors-pack	154 Mouse Cursors - Pack (32x32)	kaboff	CC0 (theo bo loc itch - kiem lai LICENSE trong goi)	mien phi	2d	node cong-cu/lay.mjs itch kaboff/mouse-cursors-pack
screamingbrainstudios/isometric-wall-texture-pack	Isometric Wall Texture Pack	screamingbrainstudios	CC0 (theo bo loc itch - kiem lai LICENSE trong goi)	mien phi	2d	node cong-cu/lay.mjs itch screamingbrainstudios/isometric-wall-texture-pack
screamingbrainstudios/isometric-chess	2D Chess Pack	screamingbrainstudios	CC0 (theo bo loc itch - kiem lai LICENSE trong goi)	mien phi	2d	node cong-cu/lay.mjs itch screamingbrainstudios/isometric-chess
foozlecc/green-valley-tileset	Green Valley Tileset	foozlecc	CC0 (theo bo loc itch - kiem lai LICENSE trong goi)	mien phi	2d	node cong-cu/lay.mjs itch foozlecc/green-valley-tileset
gibbongl/gen-2-pokemon-trainer-sprite-and-portraits	Gen 2 Pokémon trainer sprites and portraits	gibbongl	CC0 (theo bo loc itch - kiem lai LICENSE trong goi)	mien phi	2d	node cong-cu/lay.mjs itch gibbongl/gen-2-pokemon-trainer-sprite-and-portraits
luizmelo/fantasy-martial-characters-3	Fantasy Martial Characters 3	luizmelo	CC0 (theo bo loc itch - kiem lai LICENSE trong goi)	$5	2d	node cong-cu/lay.mjs itch luizmelo/fantasy-martial-characters-3
blacis/pixel-weapons-mega-pack	Pixel Weapons Megapack	blacis	CC0 (theo bo loc itch - kiem lai LICENSE trong goi)	mien phi	2d	node cong-cu/lay.mjs itch blacis/pixel-weapons-mega-pack
ggbot/digit-tech-font	Digit Tech Font - CC0	ggbot	CC0 (theo bo loc itch - kiem lai LICENSE trong goi)	mien phi	2d	node cong-cu/lay.mjs itch ggbot/digit-tech-font
caz-bee/piggy	Piggy	caz-bee	CC0 (theo bo loc itch - kiem lai LICENSE trong goi)	mien phi	2d	node cong-cu/lay.mjs itch caz-bee/piggy
fieraryan/cyberpunk-cityscape-pack	Cyberpunk Cityscape Backgrounds	fieraryan	CC0 (theo bo loc itch - kiem lai LICENSE trong goi)	mien phi	2d	node cong-cu/lay.mjs itch fieraryan/cyberpunk-cityscape-pack
karsiori/pixel-art-chest-pack-animated	FREE Pixel Art Chest Pack - Animated	karsiori	CC0 (theo bo loc itch - kiem lai LICENSE trong goi)	mien phi	2d	node cong-cu/lay.mjs itch karsiori/pixel-art-chest-pack-animated
pixelfight/pixe-art-character-pack	2D Pixel Character 12 Pack! Retro RPG Top-Down Heroes	pixelfight	CC0 (theo bo loc itch - kiem lai LICENSE trong goi)	$3	2d	node cong-cu/lay.mjs itch pixelfight/pixe-art-character-pack
tiopalada/spring-monster-pack	Spring Monster Pack	tiopalada	CC0 (theo bo loc itch - kiem lai LICENSE trong goi)	mien phi	2d	node cong-cu/lay.mjs itch tiopalada/spring-monster-pack
caz-bee/blocky-chicken	Blocky Chicken	caz-bee	CC0 (theo bo loc itch - kiem lai LICENSE trong goi)	mien phi	2d	node cong-cu/lay.mjs itch caz-bee/blocky-chicken
stealthix/dungeon-tileset-32x32-px	Dungeon Tileset 32x32 px	stealthix	CC0 (theo bo loc itch - kiem lai LICENSE trong goi)	mien phi	2d	node cong-cu/lay.mjs itch stealthix/dungeon-tileset-32x32-px
verzatiledev/card-deck	Card Deck (CC0)	verzatiledev	CC0 (theo bo loc itch - kiem lai LICENSE trong goi)	mien phi	2d	node cong-cu/lay.mjs itch verzatiledev/card-deck
foozlecc/spire-builder-pack	Spire - Builder Pack	foozlecc	CC0 (theo bo loc itch - kiem lai LICENSE trong goi)	mien phi	2d	node cong-cu/lay.mjs itch foozlecc/spire-builder-pack
tornioduva/tornioduva-card-pack	Tornioduva's simple card asset pack	tornioduva	CC0 (theo bo loc itch - kiem lai LICENSE trong goi)	mien phi	2d	node cong-cu/lay.mjs itch tornioduva/tornioduva-card-pack
foozlecc/spire-tower-pack-1	Spire - Tower Pack 1	foozlecc	CC0 (theo bo loc itch - kiem lai LICENSE trong goi)	mien phi	2d	node cong-cu/lay.mjs itch foozlecc/spire-tower-pack-1
uma-alma/dk-essencials-cave-tiles	D&K Essencials ( Cave Tiles )	uma-alma	CC0 (theo bo loc itch - kiem lai LICENSE trong goi)	mien phi	2d	node cong-cu/lay.mjs itch uma-alma/dk-essencials-cave-tiles
markgosbell/old-school-blue-dungeon-map-symbols	Old School Blue Dungeon Map Symbols	markgosbell	CC0 (theo bo loc itch - kiem lai LICENSE trong goi)	mien phi	2d	node cong-cu/lay.mjs itch markgosbell/old-school-blue-dungeon-map-symbols
foozlecc/sci-fi-lab-mecha-boss	Sci-fi Lab Mecha Boss + Exploding Drone - Pixel Art	foozlecc	CC0 (theo bo loc itch - kiem lai LICENSE trong goi)	mien phi	2d	node cong-cu/lay.mjs itch foozlecc/sci-fi-lab-mecha-boss
kaboff/128-emoji-pixel-art	128+ Emoji Pixel Art (16x16)	kaboff	CC0 (theo bo loc itch - kiem lai LICENSE trong goi)	mien phi	2d	node cong-cu/lay.mjs itch kaboff/128-emoji-pixel-art
wenrexa/nesia03	Assets: UI Sci-Fi Minimalism #03	wenrexa	CC0 (theo bo loc itch - kiem lai LICENSE trong goi)	$1.80	2d	node cong-cu/lay.mjs itch wenrexa/nesia03
wenrexa/footage-energy	Assets Free: Video Footage: Explosion Energy 2k	wenrexa	CC0 (theo bo loc itch - kiem lai LICENSE trong goi)	mien phi	2d	node cong-cu/lay.mjs itch wenrexa/footage-energy
screamingbrainstudios/isometric-tiles-crates-pack	Isometric Tiles - Crates Pack	screamingbrainstudios	CC0 (theo bo loc itch - kiem lai LICENSE trong goi)	mien phi	2d	node cong-cu/lay.mjs itch screamingbrainstudios/isometric-tiles-crates-pack
screamingbrainstudios/domino-pack	2D Dominoes Pack	screamingbrainstudios	CC0 (theo bo loc itch - kiem lai LICENSE trong goi)	mien phi	2d	node cong-cu/lay.mjs itch screamingbrainstudios/domino-pack
fallenblood/50-sfx	50 sound Fx for Your Game	fallenblood	CC0 (theo bo loc itch - kiem lai LICENSE trong goi)	mien phi	2d	node cong-cu/lay.mjs itch fallenblood/50-sfx
tiopalada/spring-vfx	Spring VFX Pack	tiopalada	CC0 (theo bo loc itch - kiem lai LICENSE trong goi)	mien phi	2d	node cong-cu/lay.mjs itch tiopalada/spring-vfx
morningkingdom/fire-fx-pack-1	Fire Fx Pack - 1	morningkingdom	CC0 (theo bo loc itch - kiem lai LICENSE trong goi)	mien phi	2d	node cong-cu/lay.mjs itch morningkingdom/fire-fx-pack-1
gibbongl/modular-game-boy-houses	Modular Game Boy Houses	gibbongl	CC0 (theo bo loc itch - kiem lai LICENSE trong goi)	mien phi	2d	node cong-cu/lay.mjs itch gibbongl/modular-game-boy-houses
henrysoftware/godot-pixel-items	Godot Pixel Items	henrysoftware	CC0 (theo bo loc itch - kiem lai LICENSE trong goi)	$7.77	2d	node cong-cu/lay.mjs itch henrysoftware/godot-pixel-items
foozlecc/sci-fi-lab-cyborg	Sci-fi Lab Cyborg Platformer - Pixel Art	foozlecc	CC0 (theo bo loc itch - kiem lai LICENSE trong goi)	mien phi	2d	node cong-cu/lay.mjs itch foozlecc/sci-fi-lab-cyborg
drxwat/pixel-art-key	Pixel Art Key	drxwat	CC0 (theo bo loc itch - kiem lai LICENSE trong goi)	mien phi	2d	node cong-cu/lay.mjs itch drxwat/pixel-art-key
gibbongl/pico-8-oracles	Pico-8 Oracles	gibbongl	CC0 (theo bo loc itch - kiem lai LICENSE trong goi)	$2	2d	node cong-cu/lay.mjs itch gibbongl/pico-8-oracles
foozlecc/spire-tower-pack-4	Spire - Tower Pack 4	foozlecc	CC0 (theo bo loc itch - kiem lai LICENSE trong goi)	mien phi	2d	node cong-cu/lay.mjs itch foozlecc/spire-tower-pack-4
caz-bee/skeleton	Skeleton	caz-bee	CC0 (theo bo loc itch - kiem lai LICENSE trong goi)	mien phi	2d	node cong-cu/lay.mjs itch caz-bee/skeleton
wenrexa/uimobile5	Assets: UI Medieval Interface	wenrexa	CC0 (theo bo loc itch - kiem lai LICENSE trong goi)	$4.05	2d	node cong-cu/lay.mjs itch wenrexa/uimobile5
caz-bee/cute-shroom-character-sprite	Cute Shroom Character Sprite	caz-bee	CC0 (theo bo loc itch - kiem lai LICENSE trong goi)	mien phi	2d	node cong-cu/lay.mjs itch caz-bee/cute-shroom-character-sprite
stealthix/pipes-tileset	Pipes Tileset	stealthix	CC0 (theo bo loc itch - kiem lai LICENSE trong goi)	mien phi	2d	node cong-cu/lay.mjs itch stealthix/pipes-tileset
kassjak/20-clouds-pack	20 Clouds Pack	kassjak	CC0 (theo bo loc itch - kiem lai LICENSE trong goi)	mien phi	2d	node cong-cu/lay.mjs itch kassjak/20-clouds-pack
kevins-moms-house/taiga	taiga_	kevins-moms-house	CC0 (theo bo loc itch - kiem lai LICENSE trong goi)	mien phi	2d	node cong-cu/lay.mjs itch kevins-moms-house/taiga
furkanduran/durkans-100-item-pack	Durkan's 100 Item Pack	furkanduran	CC0 (theo bo loc itch - kiem lai LICENSE trong goi)	mien phi	2d	node cong-cu/lay.mjs itch furkanduran/durkans-100-item-pack
luizmelo/enemies-fantasy	Enemies Fantasy	luizmelo	CC0 (theo bo loc itch - kiem lai LICENSE trong goi)	$12	2d	node cong-cu/lay.mjs itch luizmelo/enemies-fantasy
luke100000/textures	300+ CC0 Low-Res Textures (32/64px, PBR/baked)	luke100000	CC0 (theo bo loc itch - kiem lai LICENSE trong goi)	mien phi	2d	node cong-cu/lay.mjs itch luke100000/textures
aspecsgaming/mini-pixel-playing-cards	Pixel Poker Cards	aspecsgaming	CC0 (theo bo loc itch - kiem lai LICENSE trong goi)	mien phi	2d	node cong-cu/lay.mjs itch aspecsgaming/mini-pixel-playing-cards
phobicpaul/low-poly-64x64-textures	Low-poly (64x64) Textures	phobicpaul	CC0 (theo bo loc itch - kiem lai LICENSE trong goi)	mien phi	2d	node cong-cu/lay.mjs itch phobicpaul/low-poly-64x64-textures
sourix5042/generic-grassdirt-tileset	Generic Grass/Dirt Tileset	sourix5042	CC0 (theo bo loc itch - kiem lai LICENSE trong goi)	mien phi	2d	node cong-cu/lay.mjs itch sourix5042/generic-grassdirt-tileset
wenrexa/icons2	Assets: UI Icons Pack Free #2	wenrexa	CC0 (theo bo loc itch - kiem lai LICENSE trong goi)	mien phi	2d	node cong-cu/lay.mjs itch wenrexa/icons2
btl-games/8bit-horror-tiles-sprites	8-BIT HORROR TILES & SPRITES	btl-games	CC0 (theo bo loc itch - kiem lai LICENSE trong goi)	mien phi	2d	node cong-cu/lay.mjs itch btl-games/8bit-horror-tiles-sprites
screamingbrainstudios/simple-game-button	Simple Game Button Pack	screamingbrainstudios	CC0 (theo bo loc itch - kiem lai LICENSE trong goi)	mien phi	2d	node cong-cu/lay.mjs itch screamingbrainstudios/simple-game-button
kevins-moms-house/desertsprites	desertSprites_	kevins-moms-house	CC0 (theo bo loc itch - kiem lai LICENSE trong goi)	mien phi	2d	node cong-cu/lay.mjs itch kevins-moms-house/desertsprites
ggbot/unitblock-font	Unitblock Font - CC0	ggbot	CC0 (theo bo loc itch - kiem lai LICENSE trong goi)	mien phi	2d	node cong-cu/lay.mjs itch ggbot/unitblock-font
jik-a-4/metrocity	MetroCity - Free Top Down Interior Asset Pack	jik-a-4	CC0 (theo bo loc itch - kiem lai LICENSE trong goi)	mien phi	2d	node cong-cu/lay.mjs itch jik-a-4/metrocity
quaternius/universal-animation-library	Universal Animation Library	quaternius	CC0 (theo bo loc itch - kiem lai LICENSE trong goi)	mien phi	3d	node cong-cu/lay.mjs itch quaternius/universal-animation-library
quaternius/stylized-nature-megakit	Stylized Nature MegaKit	quaternius	CC0 (theo bo loc itch - kiem lai LICENSE trong goi)	mien phi	3d	node cong-cu/lay.mjs itch quaternius/stylized-nature-megakit
kaylousberg/kaykit-adventurers	KayKit - Character Pack : Adventurers	kaylousberg	CC0 (theo bo loc itch - kiem lai LICENSE trong goi)	mien phi	3d	node cong-cu/lay.mjs itch kaylousberg/kaykit-adventurers
kaylousberg/kaykit-forest	KayKit - Forest Nature Pack	kaylousberg	CC0 (theo bo loc itch - kiem lai LICENSE trong goi)	mien phi	3d	node cong-cu/lay.mjs itch kaylousberg/kaykit-forest
quaternius/universal-base-characters	Universal Base Characters	quaternius	CC0 (theo bo loc itch - kiem lai LICENSE trong goi)	mien phi	3d	node cong-cu/lay.mjs itch quaternius/universal-base-characters
kaylousberg/kaykit-dungeon-pack	KayKit - Dungeon Pack	kaylousberg	CC0 (theo bo loc itch - kiem lai LICENSE trong goi)	mien phi	3d	node cong-cu/lay.mjs itch kaylousberg/kaykit-dungeon-pack
quaternius/medieval-village-megakit	Medieval Village MegaKit	quaternius	CC0 (theo bo loc itch - kiem lai LICENSE trong goi)	mien phi	3d	node cong-cu/lay.mjs itch quaternius/medieval-village-megakit
kaylousberg/kaykit-complete	The Complete KayKit	kaylousberg	CC0 (theo bo loc itch - kiem lai LICENSE trong goi)	$150	3d	node cong-cu/lay.mjs itch kaylousberg/kaykit-complete
kaylousberg/kaykit-character-animations	KayKit - Character Animations	kaylousberg	CC0 (theo bo loc itch - kiem lai LICENSE trong goi)	mien phi	3d	node cong-cu/lay.mjs itch kaylousberg/kaykit-character-animations
kaylousberg/kaykit-skeletons	KayKit - Character Pack : Skeletons	kaylousberg	CC0 (theo bo loc itch - kiem lai LICENSE trong goi)	mien phi	3d	node cong-cu/lay.mjs itch kaylousberg/kaykit-skeletons
kaylousberg/resource-bits	KayKit : Resource Bits	kaylousberg	CC0 (theo bo loc itch - kiem lai LICENSE trong goi)	mien phi	3d	node cong-cu/lay.mjs itch kaylousberg/resource-bits
kaylousberg/kaykit-medieval-hexagon	KayKit - Medieval Hexagon Pack	kaylousberg	CC0 (theo bo loc itch - kiem lai LICENSE trong goi)	mien phi	3d	node cong-cu/lay.mjs itch kaylousberg/kaykit-medieval-hexagon
kaylousberg/mixed-bag-1	KayKit - Mixed Bag 1	kaylousberg	CC0 (theo bo loc itch - kiem lai LICENSE trong goi)	mien phi	3d	node cong-cu/lay.mjs itch kaylousberg/mixed-bag-1
kaylousberg/kaykit-platformer	KayKit - Platformer Pack	kaylousberg	CC0 (theo bo loc itch - kiem lai LICENSE trong goi)	mien phi	3d	node cong-cu/lay.mjs itch kaylousberg/kaykit-platformer
quaternius/modular-character-outfits-fantasy	Modular Character Outfits - Fantasy	quaternius	CC0 (theo bo loc itch - kiem lai LICENSE trong goi)	mien phi	3d	node cong-cu/lay.mjs itch quaternius/modular-character-outfits-fantasy
quaternius/fantasy-props-megakit	Fantasy Props MegaKit	quaternius	CC0 (theo bo loc itch - kiem lai LICENSE trong goi)	mien phi	3d	node cong-cu/lay.mjs itch quaternius/fantasy-props-megakit
kaylousberg/rpg-tools-bits	KayKit : RPG Tools Bits	kaylousberg	CC0 (theo bo loc itch - kiem lai LICENSE trong goi)	mien phi	3d	node cong-cu/lay.mjs itch kaylousberg/rpg-tools-bits
kaylousberg/fantasy-weapons-bits	KayKit : Fantasy Weapons Bits	kaylousberg	CC0 (theo bo loc itch - kiem lai LICENSE trong goi)	mien phi	3d	node cong-cu/lay.mjs itch kaylousberg/fantasy-weapons-bits
kaylousberg/halloween-bits	KayKit : Halloween Bits	kaylousberg	CC0 (theo bo loc itch - kiem lai LICENSE trong goi)	mien phi	3d	node cong-cu/lay.mjs itch kaylousberg/halloween-bits
kaylousberg/furniture-bits	KayKit : Furniture Bits	kaylousberg	CC0 (theo bo loc itch - kiem lai LICENSE trong goi)	mien phi	3d	node cong-cu/lay.mjs itch kaylousberg/furniture-bits
kaylousberg/city-builder-bits	KayKit : City Builder Bits	kaylousberg	CC0 (theo bo loc itch - kiem lai LICENSE trong goi)	mien phi	3d	node cong-cu/lay.mjs itch kaylousberg/city-builder-bits
kaylousberg/prototype-bits	KayKit : Prototype Bits	kaylousberg	CC0 (theo bo loc itch - kiem lai LICENSE trong goi)	mien phi	3d	node cong-cu/lay.mjs itch kaylousberg/prototype-bits
quaternius/modular-sci-fi-megakit	Modular Sci-Fi MegaKit	quaternius	CC0 (theo bo loc itch - kiem lai LICENSE trong goi)	mien phi	3d	node cong-cu/lay.mjs itch quaternius/modular-sci-fi-megakit
kaylousberg/space-base-bits	KayKit : Space Base Bits	kaylousberg	CC0 (theo bo loc itch - kiem lai LICENSE trong goi)	mien phi	3d	node cong-cu/lay.mjs itch kaylousberg/space-base-bits
kaylousberg/restaurant-bits	KayKit : Restaurant Bits	kaylousberg	CC0 (theo bo loc itch - kiem lai LICENSE trong goi)	mien phi	3d	node cong-cu/lay.mjs itch kaylousberg/restaurant-bits
kaylousberg/block-bits	KayKit : Block Bits	kaylousberg	CC0 (theo bo loc itch - kiem lai LICENSE trong goi)	mien phi	3d	node cong-cu/lay.mjs itch kaylousberg/block-bits
rgsdev/free-3d-modular-low-poly-assets-for-prototyping-by-rgsdev	Free 3D Modular Low Poly Assets For Prototyping	rgsdev	CC0 (theo bo loc itch - kiem lai LICENSE trong goi)	mien phi	3d	node cong-cu/lay.mjs itch rgsdev/free-3d-modular-low-poly-assets-for-prototyping-by-rgsdev
ggbot/psx-style-cars	PSX Style Cars	ggbot	CC0 (theo bo loc itch - kiem lai LICENSE trong goi)	mien phi	3d	node cong-cu/lay.mjs itch ggbot/psx-style-cars
kaylousberg/board-game-bits	KayKit : Board Game Bits	kaylousberg	CC0 (theo bo loc itch - kiem lai LICENSE trong goi)	mien phi	3d	node cong-cu/lay.mjs itch kaylousberg/board-game-bits
quaternius/downtown-city-megakit	Downtown City MegaKit	quaternius	CC0 (theo bo loc itch - kiem lai LICENSE trong goi)	mien phi	3d	node cong-cu/lay.mjs itch quaternius/downtown-city-megakit
styloo/guns-asset-pack	Guns Asset Pack	styloo	CC0 (theo bo loc itch - kiem lai LICENSE trong goi)	mien phi	3d	node cong-cu/lay.mjs itch styloo/guns-asset-pack
quaternius/sci-fi-essentials-kit	Sci-Fi Essentials Kit	quaternius	CC0 (theo bo loc itch - kiem lai LICENSE trong goi)	mien phi	3d	node cong-cu/lay.mjs itch quaternius/sci-fi-essentials-kit
kaylousberg/kaykit-series-5	KayKit - Character Pack : Mystery Monthly Series 5	kaylousberg	CC0 (theo bo loc itch - kiem lai LICENSE trong goi)	$19.99	3d	node cong-cu/lay.mjs itch kaylousberg/kaykit-series-5
fertile-soil-productions/modular-village-pack	Modular Village Pack	fertile-soil-productions	CC0 (theo bo loc itch - kiem lai LICENSE trong goi)	mien phi	3d	node cong-cu/lay.mjs itch fertile-soil-productions/modular-village-pack
binbun3d/godot-skies	Godot Skies	binbun3d	CC0 (theo bo loc itch - kiem lai LICENSE trong goi)	mien phi	3d	node cong-cu/lay.mjs itch binbun3d/godot-skies
binbun3d/godot-ultimate-toon-shader	Godot Ultimate Toon Shader	binbun3d	CC0 (theo bo loc itch - kiem lai LICENSE trong goi)	mien phi	3d	node cong-cu/lay.mjs itch binbun3d/godot-ultimate-toon-shader
screamingbrainstudios/horror-texture-pack	Horror Texture Pack	screamingbrainstudios	CC0 (theo bo loc itch - kiem lai LICENSE trong goi)	mien phi	3d	node cong-cu/lay.mjs itch screamingbrainstudios/horror-texture-pack
kaylousberg/kaykit-series-4	KayKit - Character Pack : Mystery Monthly Series 4	kaylousberg	CC0 (theo bo loc itch - kiem lai LICENSE trong goi)	$19.99	3d	node cong-cu/lay.mjs itch kaylousberg/kaykit-series-4
quaternius/ultimate-platformer-pack	Ultimate Platformer Pack (100+ Models)	quaternius	CC0 (theo bo loc itch - kiem lai LICENSE trong goi)	mien phi	3d	node cong-cu/lay.mjs itch quaternius/ultimate-platformer-pack
kaylousberg/bits-bundle-1	KayKit : Bits Bundle 1	kaylousberg	CC0 (theo bo loc itch - kiem lai LICENSE trong goi)	$19.95	3d	node cong-cu/lay.mjs itch kaylousberg/bits-bundle-1
styloo/classroom-asset-pack	School Classrooms Asset Pack	styloo	CC0 (theo bo loc itch - kiem lai LICENSE trong goi)	mien phi	3d	node cong-cu/lay.mjs itch styloo/classroom-asset-pack
designersoup/low-poly-car-pack-1	FREE – Low Poly Car Starter Pack	designersoup	CC0 (theo bo loc itch - kiem lai LICENSE trong goi)	mien phi	3d	node cong-cu/lay.mjs itch designersoup/low-poly-car-pack-1
maxparata/cc0-animations	Free Essential Animation pack - monogon	maxparata	CC0 (theo bo loc itch - kiem lai LICENSE trong goi)	mien phi	3d	node cong-cu/lay.mjs itch maxparata/cc0-animations
kkryy/streetfurniture	Retro Psx Street Furniture	kkryy	CC0 (theo bo loc itch - kiem lai LICENSE trong goi)	mien phi	3d	node cong-cu/lay.mjs itch kkryy/streetfurniture
fertile-soil-productions/modular-terrain-pack	Modular Terrain Pack	fertile-soil-productions	CC0 (theo bo loc itch - kiem lai LICENSE trong goi)	mien phi	3d	node cong-cu/lay.mjs itch fertile-soil-productions/modular-terrain-pack
wriks/wrad-arms	WRAD ARMS	wriks	CC0 (theo bo loc itch - kiem lai LICENSE trong goi)	mien phi	3d	node cong-cu/lay.mjs itch wriks/wrad-arms
binbun3d/explosion-fx	Explosion FX - Godot 3D Effects	binbun3d	CC0 (theo bo loc itch - kiem lai LICENSE trong goi)	mien phi	3d	node cong-cu/lay.mjs itch binbun3d/explosion-fx
styloo/chibi	Chibi Characters	styloo	CC0 (theo bo loc itch - kiem lai LICENSE trong goi)	mien phi	3d	node cong-cu/lay.mjs itch styloo/chibi
jestan/pixel-texture-pack	Pixel Texture Pack	jestan	CC0 (theo bo loc itch - kiem lai LICENSE trong goi)	mien phi	3d	node cong-cu/lay.mjs itch jestan/pixel-texture-pack
chilly-durango/3dretroshacks	3D Retro Shacks Shanties Sheds & Gantries	chilly-durango	CC0 (theo bo loc itch - kiem lai LICENSE trong goi)	mien phi	3d	node cong-cu/lay.mjs itch chilly-durango/3dretroshacks
chilly-durango/3d-retro-plumbing-wiring	3D Retro Plumbing, Wiring & Machinery	chilly-durango	CC0 (theo bo loc itch - kiem lai LICENSE trong goi)	mien phi	3d	node cong-cu/lay.mjs itch chilly-durango/3d-retro-plumbing-wiring
kenney-assets/blaster-kit	Blaster Kit	kenney-assets	CC0 (theo bo loc itch - kiem lai LICENSE trong goi)	mien phi	3d	node cong-cu/lay.mjs itch kenney-assets/blaster-kit
lowpolyassets/low-poly-household-item-pack	Low Poly Household Items Pack	lowpolyassets	CC0 (theo bo loc itch - kiem lai LICENSE trong goi)	mien phi	3d	node cong-cu/lay.mjs itch lowpolyassets/low-poly-household-item-pack
essssam/3d-leap-land	3D Leap Land Asset Pack	essssam	CC0 (theo bo loc itch - kiem lai LICENSE trong goi)	mien phi	3d	node cong-cu/lay.mjs itch essssam/3d-leap-land
tinytreats/charming-kitchen	Tiny Treats - Charming Kitchen set	tinytreats	CC0 (theo bo loc itch - kiem lai LICENSE trong goi)	mien phi	3d	node cong-cu/lay.mjs itch tinytreats/charming-kitchen
chilly-durango/medieval-building-parts	3D Retro Medieval/Fantasy Building Kit	chilly-durango	CC0 (theo bo loc itch - kiem lai LICENSE trong goi)	mien phi	3d	node cong-cu/lay.mjs itch chilly-durango/medieval-building-parts
fertile-soil-productions/modular-house-collection	Modular House Collection	fertile-soil-productions	CC0 (theo bo loc itch - kiem lai LICENSE trong goi)	mien phi	3d	node cong-cu/lay.mjs itch fertile-soil-productions/modular-house-collection
kaylousberg/holiday-bits	KayKit : Holiday Bits	kaylousberg	CC0 (theo bo loc itch - kiem lai LICENSE trong goi)	mien phi	3d	node cong-cu/lay.mjs itch kaylousberg/holiday-bits
styloo/random	Random Objects	styloo	CC0 (theo bo loc itch - kiem lai LICENSE trong goi)	mien phi	3d	node cong-cu/lay.mjs itch styloo/random
styloo/mari	Mari Character	styloo	CC0 (theo bo loc itch - kiem lai LICENSE trong goi)	mien phi	3d	node cong-cu/lay.mjs itch styloo/mari
tinytreats/house-plants	Tiny Treats - House Plants set	tinytreats	CC0 (theo bo loc itch - kiem lai LICENSE trong goi)	mien phi	3d	node cong-cu/lay.mjs itch tinytreats/house-plants
rgsdev/free-modular-low-poly-dungeon-pack-by-rgsdev	Free Modular Low Poly Dungeon Pack	rgsdev	CC0 (theo bo loc itch - kiem lai LICENSE trong goi)	mien phi	3d	node cong-cu/lay.mjs itch rgsdev/free-modular-low-poly-dungeon-pack-by-rgsdev
styloo/animals	Animals Asset Pack	styloo	CC0 (theo bo loc itch - kiem lai LICENSE trong goi)	mien phi	3d	node cong-cu/lay.mjs itch styloo/animals
styloo/farm	COZY FARM	styloo	CC0 (theo bo loc itch - kiem lai LICENSE trong goi)	mien phi	3d	node cong-cu/lay.mjs itch styloo/farm
milkandbanana/cooking-assets	Cooking Assets	milkandbanana	CC0 (theo bo loc itch - kiem lai LICENSE trong goi)	mien phi	3d	node cong-cu/lay.mjs itch milkandbanana/cooking-assets
binbun3d/muzzle-flash-vfx	Muzzle Flash VFX - Godot 3D	binbun3d	CC0 (theo bo loc itch - kiem lai LICENSE trong goi)	mien phi	3d	node cong-cu/lay.mjs itch binbun3d/muzzle-flash-vfx
tinytreats/pretty-park	Tiny Treats - Pretty Park set	tinytreats	CC0 (theo bo loc itch - kiem lai LICENSE trong goi)	mien phi	3d	node cong-cu/lay.mjs itch tinytreats/pretty-park
binbun3d/godot-grass	Godot Grass Shader	binbun3d	CC0 (theo bo loc itch - kiem lai LICENSE trong goi)	mien phi	3d	node cong-cu/lay.mjs itch binbun3d/godot-grass
tinytreats/bakery-interior	Tiny Treats - Bakery Interior set	tinytreats	CC0 (theo bo loc itch - kiem lai LICENSE trong goi)	mien phi	3d	node cong-cu/lay.mjs itch tinytreats/bakery-interior
tinytreats/baked-goods	Tiny Treats - Baked Goods set	tinytreats	CC0 (theo bo loc itch - kiem lai LICENSE trong goi)	mien phi	3d	node cong-cu/lay.mjs itch tinytreats/baked-goods
chilly-durango/2dieselpunktanks	2 Retro 3D Dieselpunk Tanks	chilly-durango	CC0 (theo bo loc itch - kiem lai LICENSE trong goi)	mien phi	3d	node cong-cu/lay.mjs itch chilly-durango/2dieselpunktanks
styloo/company	The Company Characters Asset Pack	styloo	CC0 (theo bo loc itch - kiem lai LICENSE trong goi)	mien phi	3d	node cong-cu/lay.mjs itch styloo/company
tinytreats/homely-house	Tiny Treats - Homely House set	tinytreats	CC0 (theo bo loc itch - kiem lai LICENSE trong goi)	mien phi	3d	node cong-cu/lay.mjs itch tinytreats/homely-house
daniel-jurys/psx-derelict-furniture	PSX Derelict Furniture	daniel-jurys	CC0 (theo bo loc itch - kiem lai LICENSE trong goi)	mien phi	3d	node cong-cu/lay.mjs itch daniel-jurys/psx-derelict-furniture
devilsworkshop/essential-low-poly-isometric-3d-block-and-hex-pack	Low Poly 3D Block - Devils Work.shop	devilsworkshop	CC0 (theo bo loc itch - kiem lai LICENSE trong goi)	mien phi	3d	node cong-cu/lay.mjs itch devilsworkshop/essential-low-poly-isometric-3d-block-and-hex-pack
binbun3d/hit-fx	Hit FX - Godot 3D Effects	binbun3d	CC0 (theo bo loc itch - kiem lai LICENSE trong goi)	mien phi	3d	node cong-cu/lay.mjs itch binbun3d/hit-fx
styloo/food	Food & Kitchen Props	styloo	CC0 (theo bo loc itch - kiem lai LICENSE trong goi)	mien phi	3d	node cong-cu/lay.mjs itch styloo/food
tinytreats/bubbly-bathroom	Tiny Treats - Bubbly Bathroom set	tinytreats	CC0 (theo bo loc itch - kiem lai LICENSE trong goi)	mien phi	3d	node cong-cu/lay.mjs itch tinytreats/bubbly-bathroom
fertile-soil-productions/temple-modular-collection	Modular Temple Pack	fertile-soil-productions	CC0 (theo bo loc itch - kiem lai LICENSE trong goi)	mien phi	3d	node cong-cu/lay.mjs itch fertile-soil-productions/temple-modular-collection
loafbrr/mines-and-cave-set	Mines and Cave Modular Set	loafbrr	CC0 (theo bo loc itch - kiem lai LICENSE trong goi)	mien phi	3d	node cong-cu/lay.mjs itch loafbrr/mines-and-cave-set
visionsmind/highlands-fantasy-pack-3d	Highlands - Fantasy 3D Buildings Pack	visionsmind	CC0 (theo bo loc itch - kiem lai LICENSE trong goi)	mien phi	3d	node cong-cu/lay.mjs itch visionsmind/highlands-fantasy-pack-3d
austin-io/voxel-dungeon-set	Voxel Dungeon Set	austin-io	CC0 (theo bo loc itch - kiem lai LICENSE trong goi)	mien phi	3d	node cong-cu/lay.mjs itch austin-io/voxel-dungeon-set
styloo/vil	Village Asset Pack	styloo	CC0 (theo bo loc itch - kiem lai LICENSE trong goi)	mien phi	3d	node cong-cu/lay.mjs itch styloo/vil
nojoule/pixel-portals	Pixel Portals	nojoule	CC0 (theo bo loc itch - kiem lai LICENSE trong goi)	mien phi	3d	node cong-cu/lay.mjs itch nojoule/pixel-portals
wizp/lowpoly-stylized-fantasy-enviroment-pack	Lowpoly stylized fantasy enviroment pack	wizp	CC0 (theo bo loc itch - kiem lai LICENSE trong goi)	mien phi	3d	node cong-cu/lay.mjs itch wizp/lowpoly-stylized-fantasy-enviroment-pack
binbun3d/magic-projectiles-vfx	Magic Projectiles VFX - Godot 3D	binbun3d	CC0 (theo bo loc itch - kiem lai LICENSE trong goi)	mien phi	3d	node cong-cu/lay.mjs itch binbun3d/magic-projectiles-vfx
binbun3d/flame-fx	Flame FX - Godot 3D Effects	binbun3d	CC0 (theo bo loc itch - kiem lai LICENSE trong goi)	mien phi	3d	node cong-cu/lay.mjs itch binbun3d/flame-fx
kkryy/retro-interior-pack	Retro Model Pack Interior	kkryy	CC0 (theo bo loc itch - kiem lai LICENSE trong goi)	mien phi	3d	node cong-cu/lay.mjs itch kkryy/retro-interior-pack
chilly-durango/low-poly-firearms	Low Poly Gun Models	chilly-durango	CC0 (theo bo loc itch - kiem lai LICENSE trong goi)	mien phi	3d	node cong-cu/lay.mjs itch chilly-durango/low-poly-firearms
milkandbanana/lab-assets	Lab Assets	milkandbanana	CC0 (theo bo loc itch - kiem lai LICENSE trong goi)	mien phi	3d	node cong-cu/lay.mjs itch milkandbanana/lab-assets
styloo/robot-character	Robot character	styloo	CC0 (theo bo loc itch - kiem lai LICENSE trong goi)	mien phi	3d	node cong-cu/lay.mjs itch styloo/robot-character
rg-poly/rg-poly-all-in-one	RG Poly Vol. 1	rg-poly	CC0 (theo bo loc itch - kiem lai LICENSE trong goi)	$25	3d	node cong-cu/lay.mjs itch rg-poly/rg-poly-all-in-one
felixstrefter/medieval-voxel-assets	Medieval Voxel Assets	felixstrefter	CC0 (theo bo loc itch - kiem lai LICENSE trong goi)	mien phi	3d	node cong-cu/lay.mjs itch felixstrefter/medieval-voxel-assets
styloo/3dfood	3D Food Asset Pack	styloo	CC0 (theo bo loc itch - kiem lai LICENSE trong goi)	mien phi	3d	node cong-cu/lay.mjs itch styloo/3dfood
loafbrr/interiors-a	Interiors A	loafbrr	CC0 (theo bo loc itch - kiem lai LICENSE trong goi)	mien phi	3d	node cong-cu/lay.mjs itch loafbrr/interiors-a
styloo/chicken	CHICKEN ESCAPE ASSET PACK	styloo	CC0 (theo bo loc itch - kiem lai LICENSE trong goi)	mien phi	3d	node cong-cu/lay.mjs itch styloo/chicken
lowpolyassets/low-poly-construction-pack	Low Poly Construction Pack	lowpolyassets	CC0 (theo bo loc itch - kiem lai LICENSE trong goi)	mien phi	3d	node cong-cu/lay.mjs itch lowpolyassets/low-poly-construction-pack
binbun3d/status-fx	Status FX - Godot 3D Effects	binbun3d	CC0 (theo bo loc itch - kiem lai LICENSE trong goi)	mien phi	3d	node cong-cu/lay.mjs itch binbun3d/status-fx
fertile-soil-productions/spaceship-blocks-collection	Spaceship Blocks Collection	fertile-soil-productions	CC0 (theo bo loc itch - kiem lai LICENSE trong goi)	mien phi	3d	node cong-cu/lay.mjs itch fertile-soil-productions/spaceship-blocks-collection
styloo/dungeon-asset-pack	Dungeon Asset Pack	styloo	CC0 (theo bo loc itch - kiem lai LICENSE trong goi)	mien phi	3d	node cong-cu/lay.mjs itch styloo/dungeon-asset-pack
binbun3d/electric-fx	Electric FX - Godot 3D Effects	binbun3d	CC0 (theo bo loc itch - kiem lai LICENSE trong goi)	mien phi	3d	node cong-cu/lay.mjs itch binbun3d/electric-fx
styloo/scooter	Simple scooter Asset	styloo	CC0 (theo bo loc itch - kiem lai LICENSE trong goi)	mien phi	3d	node cong-cu/lay.mjs itch styloo/scooter
styloo/car	Low Poly Car	styloo	CC0 (theo bo loc itch - kiem lai LICENSE trong goi)	mien phi	3d	node cong-cu/lay.mjs itch styloo/car
loafbrr/wood-furnitures	Wood Furnitures	loafbrr	CC0 (theo bo loc itch - kiem lai LICENSE trong goi)	mien phi	3d	node cong-cu/lay.mjs itch loafbrr/wood-furnitures
quaternius/3d-card-kit-fantasy	3D Card Kit - Fantasy	quaternius	CC0 (theo bo loc itch - kiem lai LICENSE trong goi)	mien phi	3d	node cong-cu/lay.mjs itch quaternius/3d-card-kit-fantasy
binbun3d/loot-vfx	Loot VFX - Godot 3D	binbun3d	CC0 (theo bo loc itch - kiem lai LICENSE trong goi)	mien phi	3d	node cong-cu/lay.mjs itch binbun3d/loot-vfx
tinytreats/collection-1	Tiny Treats - Collection 1	tinytreats	CC0 (theo bo loc itch - kiem lai LICENSE trong goi)	$19.95	3d	node cong-cu/lay.mjs itch tinytreats/collection-1
chafmere/godot-4-fps-controller	Godot 4 FPS Controller	chafmere	CC0 (theo bo loc itch - kiem lai LICENSE trong goi)	mien phi	3d	node cong-cu/lay.mjs itch chafmere/godot-4-fps-controller
gualtierisgg/3d-low-poly-potions-and-flasks	3D Low Poly Potions and Flasks (3 Color variations)	gualtierisgg	CC0 (theo bo loc itch - kiem lai LICENSE trong goi)	mien phi	3d	node cong-cu/lay.mjs itch gualtierisgg/3d-low-poly-potions-and-flasks
amarilloarts/blender-chan	Blender-chan: Free Blender character	amarilloarts	CC0 (theo bo loc itch - kiem lai LICENSE trong goi)	mien phi	3d	node cong-cu/lay.mjs itch amarilloarts/blender-chan
fertile-soil-productions/modular-racekart-track-hilly-terrain-theme	Modular Racekart Track - Hilly Terrain Theme	fertile-soil-productions	CC0 (theo bo loc itch - kiem lai LICENSE trong goi)	mien phi	3d	node cong-cu/lay.mjs itch fertile-soil-productions/modular-racekart-track-hilly-terrain-theme
mreliptik/office-low-poly-pack	Office low poly pack	mreliptik	CC0 (theo bo loc itch - kiem lai LICENSE trong goi)	mien phi	3d	node cong-cu/lay.mjs itch mreliptik/office-low-poly-pack
standout7/fantasy-heroes	LOWPO : Fantasy Heroes – Low Poly 3D Character Pack	standout7	CC0 (theo bo loc itch - kiem lai LICENSE trong goi)	mien phi	3d	node cong-cu/lay.mjs itch standout7/fantasy-heroes
valsekamerplant/psx-style-hedges	PSX style modular hedges	valsekamerplant	CC0 (theo bo loc itch - kiem lai LICENSE trong goi)	mien phi	3d	node cong-cu/lay.mjs itch valsekamerplant/psx-style-hedges
lowpolyassets/low-poly-wild-west	Low Poly Wild West Environment Pack	lowpolyassets	CC0 (theo bo loc itch - kiem lai LICENSE trong goi)	mien phi	3d	node cong-cu/lay.mjs itch lowpolyassets/low-poly-wild-west
binbun3d/impact-vfx	Impact VFX - Godot 3D	binbun3d	CC0 (theo bo loc itch - kiem lai LICENSE trong goi)	$4.49	3d	node cong-cu/lay.mjs itch binbun3d/impact-vfx
runemarkstudio/poly-desert	Poly Desert [FREE]	runemarkstudio	CC0 (theo bo loc itch - kiem lai LICENSE trong goi)	mien phi	3d	node cong-cu/lay.mjs itch runemarkstudio/poly-desert
binbun3d/dark-magic-fx	Dark Magic FX - Godot 3D Effects	binbun3d	CC0 (theo bo loc itch - kiem lai LICENSE trong goi)	mien phi	3d	node cong-cu/lay.mjs itch binbun3d/dark-magic-fx
binbun3d/fire	Fire VFX - Godot 3D	binbun3d	CC0 (theo bo loc itch - kiem lai LICENSE trong goi)	$4.49	3d	node cong-cu/lay.mjs itch binbun3d/fire
rg-poly/cartoon-city-massive-pack1	Cartoon City Massive Pack	rg-poly	CC0 (theo bo loc itch - kiem lai LICENSE trong goi)	$60	3d	node cong-cu/lay.mjs itch rg-poly/cartoon-city-massive-pack1
lowpolyassets/low-poly-medieval-weapons	Low Poly Medieval Weapons	lowpolyassets	CC0 (theo bo loc itch - kiem lai LICENSE trong goi)	mien phi	3d	node cong-cu/lay.mjs itch lowpolyassets/low-poly-medieval-weapons
binbun3d/magic-area-vfx	Magic Area VFX - Godot 3D	binbun3d	CC0 (theo bo loc itch - kiem lai LICENSE trong goi)	$4.49	3d	node cong-cu/lay.mjs itch binbun3d/magic-area-vfx
kaylousberg/bits-bundle-2	KayKit : Bits Bundle 2	kaylousberg	CC0 (theo bo loc itch - kiem lai LICENSE trong goi)	$19.95	3d	node cong-cu/lay.mjs itch kaylousberg/bits-bundle-2
kkryy/forestmodelpack	Forest Model Pack	kkryy	CC0 (theo bo loc itch - kiem lai LICENSE trong goi)	mien phi	3d	node cong-cu/lay.mjs itch kkryy/forestmodelpack
binbun3d/battle-fx	Battle FX - Godot 3D Effects	binbun3d	CC0 (theo bo loc itch - kiem lai LICENSE trong goi)	mien phi	3d	node cong-cu/lay.mjs itch binbun3d/battle-fx
binbun3d/elemental-magic-fx	Elemental Magic FX - Godot 3D Effects	binbun3d	CC0 (theo bo loc itch - kiem lai LICENSE trong goi)	mien phi	3d	node cong-cu/lay.mjs itch binbun3d/elemental-magic-fx
hauntedgato/lo-fi-burger-menu-tray-asset-pack	LO-FI Burger Menu Tray Asset Pack [FREE]	hauntedgato	CC0 (theo bo loc itch - kiem lai LICENSE trong goi)	mien phi	3d	node cong-cu/lay.mjs itch hauntedgato/lo-fi-burger-menu-tray-asset-pack
milkandbanana/traffic-road-assets	Traffic Road Assets	milkandbanana	CC0 (theo bo loc itch - kiem lai LICENSE trong goi)	mien phi	3d	node cong-cu/lay.mjs itch milkandbanana/traffic-road-assets
verzatiledev/sci-fi-spaceship	SCI-FI SpaceShip (CC0)	verzatiledev	CC0 (theo bo loc itch - kiem lai LICENSE trong goi)	mien phi	3d	node cong-cu/lay.mjs itch verzatiledev/sci-fi-spaceship
overactiongames/modular-top-down-low-poly-cartoon-dungeon-props-and-tileset-pack	Modular Cartoon Low-Poly Dungeon Props and Tileset Pack	overactiongames	CC0 (theo bo loc itch - kiem lai LICENSE trong goi)	$13.67	3d	node cong-cu/lay.mjs itch overactiongames/modular-top-down-low-poly-cartoon-dungeon-props-and-tileset-pack
loafbrr/houses-and-props	Houses and Props	loafbrr	CC0 (theo bo loc itch - kiem lai LICENSE trong goi)	mien phi	3d	node cong-cu/lay.mjs itch loafbrr/houses-and-props
tinytreats/pleasant-picnic	Tiny Treats - Pleasant Picnic set	tinytreats	CC0 (theo bo loc itch - kiem lai LICENSE trong goi)	mien phi	3d	node cong-cu/lay.mjs itch tinytreats/pleasant-picnic
vertexcat/vertex-color-trees-set	Vertex color trees set	vertexcat	CC0 (theo bo loc itch - kiem lai LICENSE trong goi)	mien phi	3d	node cong-cu/lay.mjs itch vertexcat/vertex-color-trees-set
rg-poly/cars-low-poly-massive-car-pack	Cars - Low Poly Massive Car Pack (Unity, Godot gLTF, FBX)	rg-poly	CC0 (theo bo loc itch - kiem lai LICENSE trong goi)	$5	3d	node cong-cu/lay.mjs itch rg-poly/cars-low-poly-massive-car-pack
loafbrr/wooden-docks	Modular Wooden Docks	loafbrr	CC0 (theo bo loc itch - kiem lai LICENSE trong goi)	mien phi	3d	node cong-cu/lay.mjs itch loafbrr/wooden-docks
wizp/stylized-medieval-village	Stylized medieval village	wizp	CC0 (theo bo loc itch - kiem lai LICENSE trong goi)	mien phi	3d	node cong-cu/lay.mjs itch wizp/stylized-medieval-village
standout7/goblin-lowpoly-assets	LOWPO: Goblin Assets – Low Poly Fantasy 3D Assets for Games	standout7	CC0 (theo bo loc itch - kiem lai LICENSE trong goi)	mien phi	3d	node cong-cu/lay.mjs itch standout7/goblin-lowpoly-assets
styloo/3d-weapons-asset-pack	3d weapons Asset pack	styloo	CC0 (theo bo loc itch - kiem lai LICENSE trong goi)	mien phi	3d	node cong-cu/lay.mjs itch styloo/3d-weapons-asset-pack
titaniumrat42/low-poly-food	Low poly Food	titaniumrat42	CC0 (theo bo loc itch - kiem lai LICENSE trong goi)	mien phi	3d	node cong-cu/lay.mjs itch titaniumrat42/low-poly-food
rg-poly/stylized-medieval-village-unity-urp	[Free] Stylized Medieval Village - Unity URP	rg-poly	CC0 (theo bo loc itch - kiem lai LICENSE trong goi)	mien phi	3d	node cong-cu/lay.mjs itch rg-poly/stylized-medieval-village-unity-urp
raildogameart/prototype-kit-3d-platformer	Prototype Kit 3D Platformer	raildogameart	CC0 (theo bo loc itch - kiem lai LICENSE trong goi)	mien phi	3d	node cong-cu/lay.mjs itch raildogameart/prototype-kit-3d-platformer
styloo/kitchen	Free Kitchen Asset Pack	styloo	CC0 (theo bo loc itch - kiem lai LICENSE trong goi)	mien phi	3d	node cong-cu/lay.mjs itch styloo/kitchen
loafbrr/modular-dungeon-tiles-asset	Modular Dungeon Tiles Asset	loafbrr	CC0 (theo bo loc itch - kiem lai LICENSE trong goi)	mien phi	3d	node cong-cu/lay.mjs itch loafbrr/modular-dungeon-tiles-asset
loafbrr/sci-fi-like-asset-pack	sci fi like asset pack	loafbrr	CC0 (theo bo loc itch - kiem lai LICENSE trong goi)	mien phi	3d	node cong-cu/lay.mjs itch loafbrr/sci-fi-like-asset-pack
loafbrr/gothic-like-structures	Gothic-Like Structures	loafbrr	CC0 (theo bo loc itch - kiem lai LICENSE trong goi)	mien phi	3d	node cong-cu/lay.mjs itch loafbrr/gothic-like-structures
titaniumrat42/lowpoly-female-mesh	Lowpoly Female Mesh	titaniumrat42	CC0 (theo bo loc itch - kiem lai LICENSE trong goi)	mien phi	3d	node cong-cu/lay.mjs itch titaniumrat42/lowpoly-female-mesh
binbun3d/food-mega-pack	Food Mega Pack - 3D Asset Pack	binbun3d	CC0 (theo bo loc itch - kiem lai LICENSE trong goi)	mien phi	3d	node cong-cu/lay.mjs itch binbun3d/food-mega-pack
standout7/villagernpc	LOWPO: Villager NPC – 7 Low poly Characters Free and Paid	standout7	CC0 (theo bo loc itch - kiem lai LICENSE trong goi)	mien phi	3d	node cong-cu/lay.mjs itch standout7/villagernpc
binbun3d/rpg-weapons	RPG Weapons - 3D Asset Pack	binbun3d	CC0 (theo bo loc itch - kiem lai LICENSE trong goi)	mien phi	3d	node cong-cu/lay.mjs itch binbun3d/rpg-weapons
rg-poly/cartoon-car-megapack	Cartoon Car Megapack	rg-poly	CC0 (theo bo loc itch - kiem lai LICENSE trong goi)	mien phi	3d	node cong-cu/lay.mjs itch rg-poly/cartoon-car-megapack
tinytreats/fun-playground	Tiny Treats - Fun Playground set	tinytreats	CC0 (theo bo loc itch - kiem lai LICENSE trong goi)	mien phi	3d	node cong-cu/lay.mjs itch tinytreats/fun-playground
gualtierisgg/low-poly-mini-rpg-bundle-gold-gems-etc	Low Poly RPG Bundle (Gold, Gems etc.) Part 1	gualtierisgg	CC0 (theo bo loc itch - kiem lai LICENSE trong goi)	mien phi	3d	node cong-cu/lay.mjs itch gualtierisgg/low-poly-mini-rpg-bundle-gold-gems-etc
orange-juice-games/male-base-mesh	male base mesh	orange-juice-games	CC0 (theo bo loc itch - kiem lai LICENSE trong goi)	mien phi	3d	node cong-cu/lay.mjs itch orange-juice-games/male-base-mesh
loafbrr/breakable-boxes	Breakable Boxes	loafbrr	CC0 (theo bo loc itch - kiem lai LICENSE trong goi)	mien phi	3d	node cong-cu/lay.mjs itch loafbrr/breakable-boxes
valsekamerplant/psx-style-modular-vents	PSX style modular vents	valsekamerplant	CC0 (theo bo loc itch - kiem lai LICENSE trong goi)	mien phi	3d	node cong-cu/lay.mjs itch valsekamerplant/psx-style-modular-vents
xeeh/farm-set	Free Voxel Farm Set	xeeh	CC0 (theo bo loc itch - kiem lai LICENSE trong goi)	mien phi	3d	node cong-cu/lay.mjs itch xeeh/farm-set
rg-poly/medieval-megapack-low-poly	Medieval Megapack - Low Poly (Unity, Godot gLTF, FBX)	rg-poly	CC0 (theo bo loc itch - kiem lai LICENSE trong goi)	$32.20	3d	node cong-cu/lay.mjs itch rg-poly/medieval-megapack-low-poly
daniel-jurys/psx-waste	PSX Waste	daniel-jurys	CC0 (theo bo loc itch - kiem lai LICENSE trong goi)	mien phi	3d	node cong-cu/lay.mjs itch daniel-jurys/psx-waste
overactiongames/free-rigged-low-poly-cartoon-character-base-model	Free Cartoon Low-Poly Rigged Character Base	overactiongames	CC0 (theo bo loc itch - kiem lai LICENSE trong goi)	mien phi	3d	node cong-cu/lay.mjs itch overactiongames/free-rigged-low-poly-cartoon-character-base-model
screamingbrainstudios/holiday-texture-pack	Holiday Texture Pack	screamingbrainstudios	CC0 (theo bo loc itch - kiem lai LICENSE trong goi)	mien phi	3d	node cong-cu/lay.mjs itch screamingbrainstudios/holiday-texture-pack
loafbrr/modular-wood-structures	Modular Wood Structures	loafbrr	CC0 (theo bo loc itch - kiem lai LICENSE trong goi)	mien phi	3d	node cong-cu/lay.mjs itch loafbrr/modular-wood-structures
therulermeasure/fantasy-pawn-shape-character-pack	Fantasy Pawn Shape Character Pack v2	therulermeasure	CC0 (theo bo loc itch - kiem lai LICENSE trong goi)	mien phi	3d	node cong-cu/lay.mjs itch therulermeasure/fantasy-pawn-shape-character-pack
overactiongames/free-animated-cartoon-low-poly-skeleton-enemy	Free Animated Cartoon Low-Poly Skeleton	overactiongames	CC0 (theo bo loc itch - kiem lai LICENSE trong goi)	mien phi	3d	node cong-cu/lay.mjs itch overactiongames/free-animated-cartoon-low-poly-skeleton-enemy
gualtierisgg/low-poly-rpg-bundle-modular-dungeon-part-3	Low Poly RPG Bundle - Modular Dungeon - Part 3	gualtierisgg	CC0 (theo bo loc itch - kiem lai LICENSE trong goi)	mien phi	3d	node cong-cu/lay.mjs itch gualtierisgg/low-poly-rpg-bundle-modular-dungeon-part-3
verzatiledev/assault-rifle	Assault Rifle Mark1 (CC0)	verzatiledev	CC0 (theo bo loc itch - kiem lai LICENSE trong goi)	mien phi	3d	node cong-cu/lay.mjs itch verzatiledev/assault-rifle
