goi	ten	tac_gia	license	loai	dinh_dang	cach_lay
tiny-factory	Tiny Factory	Kenney	CC0 1.0	2D	png,svg	node cong-cu/lay.mjs kenney tiny-factory
scribble-platformer-expansion	Scribble Platformer Expansion	Kenney	CC0 1.0	2D	png,svg	node cong-cu/lay.mjs kenney scribble-platformer-expansion
crosshair-pack	Crosshair Pack	Kenney	CC0 1.0	2D	png,svg	node cong-cu/lay.mjs kenney crosshair-pack
domino-pack	Domino Pack	Kenney	CC0 1.0	2D	png,svg	node cong-cu/lay.mjs kenney domino-pack
input-prompts	Input Prompts	Kenney	CC0 1.0	2D	png,svg	node cong-cu/lay.mjs kenney input-prompts
tiny-farm	Tiny Farm	Kenney	CC0 1.0	2D	png,svg	node cong-cu/lay.mjs kenney tiny-farm
flag-pack	Flag Pack	Kenney	CC0 1.0	2D	png,svg	node cong-cu/lay.mjs kenney flag-pack
light-masks	Light Masks	Kenney	CC0 1.0	2D	png,svg	node cong-cu/lay.mjs kenney light-masks
new-platformer-pack	New Platformer Pack	Kenney	CC0 1.0	2D	png,svg	node cong-cu/lay.mjs kenney new-platformer-pack
desert-shooter-pack	Desert Shooter Pack	Kenney	CC0 1.0	2D	png,svg	node cong-cu/lay.mjs kenney desert-shooter-pack
mobile-controls	Mobile Controls	Kenney	CC0 1.0	2D	png,svg	node cong-cu/lay.mjs kenney mobile-controls
fish-pack	Fish Pack	Kenney	CC0 1.0	2D	png,svg	node cong-cu/lay.mjs kenney fish-pack
tiny-town	Tiny Town	Kenney	CC0 1.0	2D	png,svg	node cong-cu/lay.mjs kenney tiny-town
minimap-pack	Minimap Pack	Kenney	CC0 1.0	2D	png,svg	node cong-cu/lay.mjs kenney minimap-pack
roguelike-characters	Roguelike Characters	Kenney	CC0 1.0	2D	png,svg	node cong-cu/lay.mjs kenney roguelike-characters
ui-pack-pixel-adventure	UI Pack - Pixel Adventure	Kenney	CC0 1.0	2D	png,svg	node cong-cu/lay.mjs kenney ui-pack-pixel-adventure
ui-pack-sci-fi	UI Pack - Sci-Fi	Kenney	CC0 1.0	2D	png,svg	node cong-cu/lay.mjs kenney ui-pack-sci-fi
ui-pack-adventure	UI Pack - Adventure	Kenney	CC0 1.0	2D	png,svg	node cong-cu/lay.mjs kenney ui-pack-adventure
pico-8-platformer	Pico-8 Platformer	Kenney	CC0 1.0	2D	png,svg	node cong-cu/lay.mjs kenney pico-8-platformer
brick-pack	Brick Pack	Kenney	CC0 1.0	2D	png,svg	node cong-cu/lay.mjs kenney brick-pack
board-game-icons	Board Game Icons	Kenney	CC0 1.0	2D	png,svg	node cong-cu/lay.mjs kenney board-game-icons
cursor-pixel-pack	Cursor Pixel Pack	Kenney	CC0 1.0	2D	png,svg	node cong-cu/lay.mjs kenney cursor-pixel-pack
ui-pack	UI Pack	Kenney	CC0 1.0	2D	png,svg	node cong-cu/lay.mjs kenney ui-pack
cursor-pack	Cursor Pack	Kenney	CC0 1.0	2D	png,svg	node cong-cu/lay.mjs kenney cursor-pack
googly-eyes	Googly Eyes	Kenney	CC0 1.0	2D	png,svg	node cong-cu/lay.mjs kenney googly-eyes
yellow-paint-pack	Yellow Paint Pack	Kenney	CC0 1.0	2D	png,svg	node cong-cu/lay.mjs kenney yellow-paint-pack
input-prompts-pixel-1-bit	Input Prompts Pixel 1-Bit	Kenney	CC0 1.0	2D	png,svg	node cong-cu/lay.mjs kenney input-prompts-pixel-1-bit
rune-pack	Rune Pack	Kenney	CC0 1.0	2D	png,svg	node cong-cu/lay.mjs kenney rune-pack
fantasy-ui-borders	Fantasy UI Borders	Kenney	CC0 1.0	2D	png,svg	node cong-cu/lay.mjs kenney fantasy-ui-borders
monochrome-pirates	Monochrome Pirates	Kenney	CC0 1.0	2D	png,svg	node cong-cu/lay.mjs kenney monochrome-pirates
shape-characters	Shape Characters	Kenney	CC0 1.0	2D	png,svg	node cong-cu/lay.mjs kenney shape-characters
pixel-platformer	Pixel Platformer	Kenney	CC0 1.0	2D	png,svg	node cong-cu/lay.mjs kenney pixel-platformer
pixel-platformer-food-expansion	Pixel Platformer Food Expansion	Kenney	CC0 1.0	2D	png,svg	node cong-cu/lay.mjs kenney pixel-platformer-food-expansion
pico-8-city	Pico-8 City	Kenney	CC0 1.0	2D	png,svg	node cong-cu/lay.mjs kenney pico-8-city
tiny-battle	Tiny Battle	Kenney	CC0 1.0	2D	png,svg	node cong-cu/lay.mjs kenney tiny-battle
isometric-miniature-bases	Isometric Miniature Bases	Kenney	CC0 1.0	2D	png,svg	node cong-cu/lay.mjs kenney isometric-miniature-bases
tiny-ski	Tiny Ski	Kenney	CC0 1.0	2D	png,svg	node cong-cu/lay.mjs kenney tiny-ski
pixel-platformer-industrial-expansion	Pixel Platformer Industrial Expansion	Kenney	CC0 1.0	2D	png,svg	node cong-cu/lay.mjs kenney pixel-platformer-industrial-expansion
pixel-platformer-farm-expansion	Pixel Platformer Farm Expansion	Kenney	CC0 1.0	2D	png,svg	node cong-cu/lay.mjs kenney pixel-platformer-farm-expansion
sketch-desert	Sketch Desert	Kenney	CC0 1.0	2D	png,svg	node cong-cu/lay.mjs kenney sketch-desert
planets	Planets	Kenney	CC0 1.0	2D	png,svg	node cong-cu/lay.mjs kenney planets
block-pack	Block Pack	Kenney	CC0 1.0	2D	png,svg	node cong-cu/lay.mjs kenney block-pack
tiny-dungeon	Tiny Dungeon	Kenney	CC0 1.0	2D	png,svg	node cong-cu/lay.mjs kenney tiny-dungeon
sketch-town-expansion	Sketch Town Expansion	Kenney	CC0 1.0	2D	png,svg	node cong-cu/lay.mjs kenney sketch-town-expansion
splat-pack	Splat Pack	Kenney	CC0 1.0	2D	png,svg	node cong-cu/lay.mjs kenney splat-pack
scribble-dungeons	Scribble Dungeons	Kenney	CC0 1.0	2D	png,svg	node cong-cu/lay.mjs kenney scribble-dungeons
board-game-info	Board Game Info	Kenney	CC0 1.0	2D	png,svg	node cong-cu/lay.mjs kenney board-game-info
monster-builder-pack	Monster Builder Pack	Kenney	CC0 1.0	2D	png,svg	node cong-cu/lay.mjs kenney monster-builder-pack
pixel-platformer-blocks	Pixel Platformer Blocks	Kenney	CC0 1.0	2D	png,svg	node cong-cu/lay.mjs kenney pixel-platformer-blocks
1-bit-pack	1-Bit Pack	Kenney	CC0 1.0	2D	png,svg	node cong-cu/lay.mjs kenney 1-bit-pack
1-bit-platformer-pack	1-Bit Platformer Pack	Kenney	CC0 1.0	2D	png,svg	node cong-cu/lay.mjs kenney 1-bit-platformer-pack
micro-roguelike	Micro Roguelike	Kenney	CC0 1.0	2D	png,svg	node cong-cu/lay.mjs kenney micro-roguelike
monochrome-rpg	Monochrome RPG	Kenney	CC0 1.0	2D	png,svg	node cong-cu/lay.mjs kenney monochrome-rpg
pixel-shmup	Pixel Shmup	Kenney	CC0 1.0	2D	png,svg	node cong-cu/lay.mjs kenney pixel-shmup
input-prompts-pixel	Input Prompts Pixel	Kenney	CC0 1.0	2D	png,svg	node cong-cu/lay.mjs kenney input-prompts-pixel
pixel-line-platformer	Pixel Line Platformer	Kenney	CC0 1.0	2D	png,svg	node cong-cu/lay.mjs kenney pixel-line-platformer
sketch-town	Sketch Town	Kenney	CC0 1.0	2D	png,svg	node cong-cu/lay.mjs kenney sketch-town
simple-space	Simple Space	Kenney	CC0 1.0	2D	png,svg	node cong-cu/lay.mjs kenney simple-space
rolling-ball-assets	Rolling Ball Assets	Kenney	CC0 1.0	2D	png,svg	node cong-cu/lay.mjs kenney rolling-ball-assets
playing-cards-pack	Playing Cards Pack	Kenney	CC0 1.0	2D	png,svg	node cong-cu/lay.mjs kenney playing-cards-pack
cartography-pack	Cartography Pack	Kenney	CC0 1.0	2D	png,svg	node cong-cu/lay.mjs kenney cartography-pack
scribble-platformer	Scribble Platformer	Kenney	CC0 1.0	2D	png,svg	node cong-cu/lay.mjs kenney scribble-platformer
foliage-sprites	Foliage Sprites	Kenney	CC0 1.0	2D	png,svg	node cong-cu/lay.mjs kenney foliage-sprites
toon-characters	Toon Characters	Kenney	CC0 1.0	2D	png,svg	node cong-cu/lay.mjs kenney toon-characters
pixel-vehicle-pack	Pixel Vehicle Pack	Kenney	CC0 1.0	2D	png,svg	node cong-cu/lay.mjs kenney pixel-vehicle-pack
background-elements-remastered	Background Elements Remastered	Kenney	CC0 1.0	2D	png,svg	node cong-cu/lay.mjs kenney background-elements-remastered
isometric-miniature-farm	Isometric Miniature Farm	Kenney	CC0 1.0	2D	png,svg	node cong-cu/lay.mjs kenney isometric-miniature-farm
isometric-miniature-dungeon	Isometric Miniature Dungeon	Kenney	CC0 1.0	2D	png,svg	node cong-cu/lay.mjs kenney isometric-miniature-dungeon
isometric-miniature-library	Isometric Miniature Library	Kenney	CC0 1.0	2D	png,svg	node cong-cu/lay.mjs kenney isometric-miniature-library
isometric-miniature-prototype	Isometric Miniature Prototype	Kenney	CC0 1.0	2D	png,svg	node cong-cu/lay.mjs kenney isometric-miniature-prototype
rpg-urban-pack	RPG Urban Pack	Kenney	CC0 1.0	2D	png,svg	node cong-cu/lay.mjs kenney rpg-urban-pack
emotes-pack	Emotes Pack	Kenney	CC0 1.0	2D	png,svg	node cong-cu/lay.mjs kenney emotes-pack
particle-pack	Particle Pack	Kenney	CC0 1.0	2D	png,svg	node cong-cu/lay.mjs kenney particle-pack
simplified-platformer-pack	Simplified Platformer Pack	Kenney	CC0 1.0	2D	png,svg	node cong-cu/lay.mjs kenney simplified-platformer-pack
ranks-pack	Ranks Pack	Kenney	CC0 1.0	2D	png,svg	node cong-cu/lay.mjs kenney ranks-pack
animal-pack-remastered	Animal Pack Remastered	Kenney	CC0 1.0	2D	png,svg	node cong-cu/lay.mjs kenney animal-pack-remastered
top-down-tanks-remastered	Top-down Tanks Remastered	Kenney	CC0 1.0	2D	png,svg	node cong-cu/lay.mjs kenney top-down-tanks-remastered
platformer-pack-industrial	Platformer Pack Industrial	Kenney	CC0 1.0	2D	png,svg	node cong-cu/lay.mjs kenney platformer-pack-industrial
sports-pack	Sports Pack	Kenney	CC0 1.0	2D	png,svg	node cong-cu/lay.mjs kenney sports-pack
sokoban	Sokoban	Kenney	CC0 1.0	2D	png,svg	node cong-cu/lay.mjs kenney sokoban
pirate-pack	Pirate Pack	Kenney	CC0 1.0	2D	png,svg	node cong-cu/lay.mjs kenney pirate-pack
tanks	Tanks	Kenney	CC0 1.0	2D	png,svg	node cong-cu/lay.mjs kenney tanks
platformer-characters	Platformer Characters	Kenney	CC0 1.0	2D	png,svg	node cong-cu/lay.mjs kenney platformer-characters
holiday-extras	Holiday Extras	Kenney	CC0 1.0	2D	png,svg	node cong-cu/lay.mjs kenney holiday-extras
sci-fi-rts	Sci-Fi RTS	Kenney	CC0 1.0	2D	png,svg	node cong-cu/lay.mjs kenney sci-fi-rts
foliage-pack	Foliage Pack	Kenney	CC0 1.0	2D	png,svg	node cong-cu/lay.mjs kenney foliage-pack
space-shooter-extension	Space Shooter Extension	Kenney	CC0 1.0	2D	png,svg	node cong-cu/lay.mjs kenney space-shooter-extension
medieval-rts	Medieval RTS	Kenney	CC0 1.0	2D	png,svg	node cong-cu/lay.mjs kenney medieval-rts
platformer-pack-medieval	Platformer Pack Medieval	Kenney	CC0 1.0	2D	png,svg	node cong-cu/lay.mjs kenney platformer-pack-medieval
tower-defense-top-down	Tower Defense (Top-Down)	Kenney	CC0 1.0	2D	png,svg	node cong-cu/lay.mjs kenney tower-defense-top-down
generic-items	Generic Items	Kenney	CC0 1.0	2D	png,svg	node cong-cu/lay.mjs kenney generic-items
map-pack	Map Pack	Kenney	CC0 1.0	2D	png,svg	node cong-cu/lay.mjs kenney map-pack
abstract-platformer	Abstract Platformer	Kenney	CC0 1.0	2D	png,svg	node cong-cu/lay.mjs kenney abstract-platformer
isometric-blocks	Isometric Blocks	Kenney	CC0 1.0	2D	png,svg	node cong-cu/lay.mjs kenney isometric-blocks
top-down-shooter	Top-down Shooter	Kenney	CC0 1.0	2D	png,svg	node cong-cu/lay.mjs kenney top-down-shooter
hexagon-pack	Hexagon Pack	Kenney	CC0 1.0	2D	png,svg	node cong-cu/lay.mjs kenney hexagon-pack
roguelike-modern-city	Roguelike Modern City	Kenney	CC0 1.0	2D	png,svg	node cong-cu/lay.mjs kenney roguelike-modern-city
jumper-pack	Jumper Pack	Kenney	CC0 1.0	2D	png,svg	node cong-cu/lay.mjs kenney jumper-pack
shooting-gallery	Shooting Gallery	Kenney	CC0 1.0	2D	png,svg	node cong-cu/lay.mjs kenney shooting-gallery
racing-pack	Racing Pack	Kenney	CC0 1.0	2D	png,svg	node cong-cu/lay.mjs kenney racing-pack
voxel-pack	Voxel Pack	Kenney	CC0 1.0	2D	png,svg	node cong-cu/lay.mjs kenney voxel-pack
roguelike-caves-dungeons	Roguelike Caves & Dungeons	Kenney	CC0 1.0	2D	png,svg	node cong-cu/lay.mjs kenney roguelike-caves-dungeons
roguelike-indoors	Roguelike Indoors	Kenney	CC0 1.0	2D	png,svg	node cong-cu/lay.mjs kenney roguelike-indoors
alien-ufo-pack	Alien UFO Pack	Kenney	CC0 1.0	2D	png,svg	node cong-cu/lay.mjs kenney alien-ufo-pack
puzzle-pack-2	Puzzle Pack 2	Kenney	CC0 1.0	2D	png,svg	node cong-cu/lay.mjs kenney puzzle-pack-2
robot-pack	Robot Pack	Kenney	CC0 1.0	2D	png,svg	node cong-cu/lay.mjs kenney robot-pack
pixel-ui-pack	Pixel UI Pack	Kenney	CC0 1.0	2D	png,svg	node cong-cu/lay.mjs kenney pixel-ui-pack
platformer-pack-remastered	Platformer Pack Remastered	Kenney	CC0 1.0	2D	png,svg	node cong-cu/lay.mjs kenney platformer-pack-remastered
roguelike-rpg-pack	Roguelike/RPG pack	Kenney	CC0 1.0	2D	png,svg	node cong-cu/lay.mjs kenney roguelike-rpg-pack
animal-pack	Animal Pack	Kenney	CC0 1.0	2D	png,svg	node cong-cu/lay.mjs kenney animal-pack
background-elements	Background Elements	Kenney	CC0 1.0	2D	png,svg	node cong-cu/lay.mjs kenney background-elements
letter-tiles	Letter Tiles	Kenney	CC0 1.0	2D	png,svg	node cong-cu/lay.mjs kenney letter-tiles
tower-defense	Tower Defense	Kenney	CC0 1.0	2D	png,svg	node cong-cu/lay.mjs kenney tower-defense
isometric-tiles-vehicles	Isometric Tiles Vehicles	Kenney	CC0 1.0	2D	png,svg	node cong-cu/lay.mjs kenney isometric-tiles-vehicles
isometric-tiles-buildings	Isometric Tiles Buildings	Kenney	CC0 1.0	2D	png,svg	node cong-cu/lay.mjs kenney isometric-tiles-buildings
isometric-tiles-city	Isometric Tiles City	Kenney	CC0 1.0	2D	png,svg	node cong-cu/lay.mjs kenney isometric-tiles-city
isometric-tiles-landscape	Isometric Tiles Landscape	Kenney	CC0 1.0	2D	png,svg	node cong-cu/lay.mjs kenney isometric-tiles-landscape
game-icons-expansion	Game Icons (Expansion)	Kenney	CC0 1.0	2D	png,svg	node cong-cu/lay.mjs kenney game-icons-expansion
game-icons	Game Icons	Kenney	CC0 1.0	2D	png,svg	node cong-cu/lay.mjs kenney game-icons
top-down-tanks	Top-Down Tanks	Kenney	CC0 1.0	2D	png,svg	node cong-cu/lay.mjs kenney top-down-tanks
modular-characters	Modular Characters	Kenney	CC0 1.0	2D	png,svg	node cong-cu/lay.mjs kenney modular-characters
smoke-particles	Smoke Particles	Kenney	CC0 1.0	2D	png,svg	node cong-cu/lay.mjs kenney smoke-particles
physics-assets	Physics Assets	Kenney	CC0 1.0	2D	png,svg	node cong-cu/lay.mjs kenney physics-assets
boardgame-pack	Board Game Pack	Kenney	CC0 1.0	2D	png,svg	node cong-cu/lay.mjs kenney boardgame-pack
kenney-fonts	Kenney Fonts	Kenney	CC0 1.0	2D	png,svg	node cong-cu/lay.mjs kenney kenney-fonts
rpg-base	RPG Base	Kenney	CC0 1.0	2D	png,svg	node cong-cu/lay.mjs kenney rpg-base
ui-pack-rpg-expansion	UI Pack (RPG Expansion)	Kenney	CC0 1.0	2D	png,svg	node cong-cu/lay.mjs kenney ui-pack-rpg-expansion
platformer-art-extended-tileset	Platformer Art Extended Tileset	Kenney	CC0 1.0	2D	png,svg	node cong-cu/lay.mjs kenney platformer-art-extended-tileset
tappy-plane	Tappy Plane	Kenney	CC0 1.0	2D	png,svg	node cong-cu/lay.mjs kenney tappy-plane
space-shooter-remastered	Space Shooter Remastered	Kenney	CC0 1.0	2D	png,svg	node cong-cu/lay.mjs kenney space-shooter-remastered
platformer-art-pixel	Platformer Art Pixel	Kenney	CC0 1.0	2D	png,svg	node cong-cu/lay.mjs kenney platformer-art-pixel
hexagon-buildings	Hexagon Buildings	Kenney	CC0 1.0	2D	png,svg	node cong-cu/lay.mjs kenney hexagon-buildings
platformer-art-deluxe	Platformer Art Deluxe	Kenney	CC0 1.0	2D	png,svg	node cong-cu/lay.mjs kenney platformer-art-deluxe
platformer-art-extended-enemies	Platformer Art Extended Enemies	Kenney	CC0 1.0	2D	png,svg	node cong-cu/lay.mjs kenney platformer-art-extended-enemies
hexagon-tiles	Hexagon Tiles	Kenney	CC0 1.0	2D	png,svg	node cong-cu/lay.mjs kenney hexagon-tiles
platformer-art-requests	Platformer Art Requests	Kenney	CC0 1.0	2D	png,svg	node cong-cu/lay.mjs kenney platformer-art-requests
platformer-art-buildings	Platformer Art Buildings	Kenney	CC0 1.0	2D	png,svg	node cong-cu/lay.mjs kenney platformer-art-buildings
platformer-art-candy	Platformer Art Candy	Kenney	CC0 1.0	2D	png,svg	node cong-cu/lay.mjs kenney platformer-art-candy
platformer-art-winter	Platformer Art Winter	Kenney	CC0 1.0	2D	png,svg	node cong-cu/lay.mjs kenney platformer-art-winter
platformer-bricks	Platformer Bricks	Kenney	CC0 1.0	2D	png,svg	node cong-cu/lay.mjs kenney platformer-bricks
platformer-art-mushrooms	Platformer Art Mushrooms	Kenney	CC0 1.0	2D	png,svg	node cong-cu/lay.mjs kenney platformer-art-mushrooms
medals	Medals	Kenney	CC0 1.0	2D	png,svg	node cong-cu/lay.mjs kenney medals
isometric-roads-water	Isometric Roads Water	Kenney	CC0 1.0	2D	png,svg	node cong-cu/lay.mjs kenney isometric-roads-water
isometric-roads	Isometric Roads	Kenney	CC0 1.0	2D	png,svg	node cong-cu/lay.mjs kenney isometric-roads
puzzle-pack-1	Puzzle Pack 1	Kenney	CC0 1.0	2D	png,svg	node cong-cu/lay.mjs kenney puzzle-pack-1
city-kit-industrial	City Kit (Industrial)	Kenney	CC0 1.0	3D	obj,fbx,gltf,png	node cong-cu/lay.mjs kenney city-kit-industrial
city-kit-roads	City Kit (Roads)	Kenney	CC0 1.0	3D	obj,fbx,gltf,png	node cong-cu/lay.mjs kenney city-kit-roads
mini-dungeon	Mini Dungeon	Kenney	CC0 1.0	3D	obj,fbx,gltf,png	node cong-cu/lay.mjs kenney mini-dungeon
mini-forest	Mini Forest	Kenney	CC0 1.0	3D	obj,fbx,gltf,png	node cong-cu/lay.mjs kenney mini-forest
modular-cave-kit	Modular Cave Kit	Kenney	CC0 1.0	3D	obj,fbx,gltf,png	node cong-cu/lay.mjs kenney modular-cave-kit
factory-kit	Factory Kit	Kenney	CC0 1.0	3D	obj,fbx,gltf,png	node cong-cu/lay.mjs kenney factory-kit
car-kit	Car Kit	Kenney	CC0 1.0	3D	obj,fbx,gltf,png	node cong-cu/lay.mjs kenney car-kit
platformer-kit	Platformer Kit	Kenney	CC0 1.0	3D	obj,fbx,gltf,png	node cong-cu/lay.mjs kenney platformer-kit
cube-pets	Cube Pets	Kenney	CC0 1.0	3D	obj,fbx,gltf,png	node cong-cu/lay.mjs kenney cube-pets
modular-dungeon-kit	Modular Dungeon Kit	Kenney	CC0 1.0	3D	obj,fbx,gltf,png	node cong-cu/lay.mjs kenney modular-dungeon-kit
pirate-kit	Pirate Kit	Kenney	CC0 1.0	3D	obj,fbx,gltf,png	node cong-cu/lay.mjs kenney pirate-kit
modular-space-kit	Modular Space Kit	Kenney	CC0 1.0	3D	obj,fbx,gltf,png	node cong-cu/lay.mjs kenney modular-space-kit
graveyard-kit	Graveyard Kit	Kenney	CC0 1.0	3D	obj,fbx,gltf,png	node cong-cu/lay.mjs kenney graveyard-kit
fantasy-town-kit	Fantasy Town Kit	Kenney	CC0 1.0	3D	obj,fbx,gltf,png	node cong-cu/lay.mjs kenney fantasy-town-kit
blaster-kit	Blaster Kit	Kenney	CC0 1.0	3D	obj,fbx,gltf,png	node cong-cu/lay.mjs kenney blaster-kit
city-kit-commercial	City Kit (Commercial)	Kenney	CC0 1.0	3D	obj,fbx,gltf,png	node cong-cu/lay.mjs kenney city-kit-commercial
blocky-characters	Blocky Characters	Kenney	CC0 1.0	3D	obj,fbx,gltf,png	node cong-cu/lay.mjs kenney blocky-characters
city-kit-suburban	City Kit (Suburban)	Kenney	CC0 1.0	3D	obj,fbx,gltf,png	node cong-cu/lay.mjs kenney city-kit-suburban
minigolf-kit	Minigolf Kit	Kenney	CC0 1.0	3D	obj,fbx,gltf,png	node cong-cu/lay.mjs kenney minigolf-kit
retro-fantasy-kit	Retro Fantasy Kit	Kenney	CC0 1.0	3D	obj,fbx,gltf,png	node cong-cu/lay.mjs kenney retro-fantasy-kit
retro-urban-kit	Retro Urban Kit	Kenney	CC0 1.0	3D	obj,fbx,gltf,png	node cong-cu/lay.mjs kenney retro-urban-kit
toy-car-kit	Toy Car Kit	Kenney	CC0 1.0	3D	obj,fbx,gltf,png	node cong-cu/lay.mjs kenney toy-car-kit
holiday-kit	Holiday Kit	Kenney	CC0 1.0	3D	obj,fbx,gltf,png	node cong-cu/lay.mjs kenney holiday-kit
coaster-kit	Coaster Kit	Kenney	CC0 1.0	3D	obj,fbx,gltf,png	node cong-cu/lay.mjs kenney coaster-kit
mini-market	Mini Market	Kenney	CC0 1.0	3D	obj,fbx,gltf,png	node cong-cu/lay.mjs kenney mini-market
train-kit	Train Kit	Kenney	CC0 1.0	3D	obj,fbx,gltf,png	node cong-cu/lay.mjs kenney train-kit
tower-defense-kit	Tower Defense Kit	Kenney	CC0 1.0	3D	obj,fbx,gltf,png	node cong-cu/lay.mjs kenney tower-defense-kit
prototype-kit	Prototype Kit	Kenney	CC0 1.0	3D	obj,fbx,gltf,png	node cong-cu/lay.mjs kenney prototype-kit
mini-arcade	Mini Arcade	Kenney	CC0 1.0	3D	obj,fbx,gltf,png	node cong-cu/lay.mjs kenney mini-arcade
mini-characters	Mini Characters	Kenney	CC0 1.0	3D	obj,fbx,gltf,png	node cong-cu/lay.mjs kenney mini-characters
food-kit	Food Kit	Kenney	CC0 1.0	3D	obj,fbx,gltf,png	node cong-cu/lay.mjs kenney food-kit
building-kit	Building Kit	Kenney	CC0 1.0	3D	obj,fbx,gltf,png	node cong-cu/lay.mjs kenney building-kit
brick-kit	Brick Kit	Kenney	CC0 1.0	3D	obj,fbx,gltf,png	node cong-cu/lay.mjs kenney brick-kit
marble-kit	Marble Kit	Kenney	CC0 1.0	3D	obj,fbx,gltf,png	node cong-cu/lay.mjs kenney marble-kit
watercraft-kit	Watercraft Kit	Kenney	CC0 1.0	3D	obj,fbx,gltf,png	node cong-cu/lay.mjs kenney watercraft-kit
space-station-kit	Space Station Kit	Kenney	CC0 1.0	3D	obj,fbx,gltf,png	node cong-cu/lay.mjs kenney space-station-kit
survival-kit	Survival Kit	Kenney	CC0 1.0	3D	obj,fbx,gltf,png	node cong-cu/lay.mjs kenney survival-kit
castle-kit	Castle Kit	Kenney	CC0 1.0	3D	obj,fbx,gltf,png	node cong-cu/lay.mjs kenney castle-kit
mini-arena	Mini Arena	Kenney	CC0 1.0	3D	obj,fbx,gltf,png	node cong-cu/lay.mjs kenney mini-arena
mini-skate	Mini Skate	Kenney	CC0 1.0	3D	obj,fbx,gltf,png	node cong-cu/lay.mjs kenney mini-skate
modular-buildings	Modular Buildings	Kenney	CC0 1.0	3D	obj,fbx,gltf,png	node cong-cu/lay.mjs kenney modular-buildings
hexagon-kit	Hexagon Kit	Kenney	CC0 1.0	3D	obj,fbx,gltf,png	node cong-cu/lay.mjs kenney hexagon-kit
animated-characters-retro	Animated Characters Retro	Kenney	CC0 1.0	3D	obj,fbx,gltf,png	node cong-cu/lay.mjs kenney animated-characters-retro
space-kit	Space Kit	Kenney	CC0 1.0	3D	obj,fbx,gltf,png	node cong-cu/lay.mjs kenney space-kit
nature-kit	Nature Kit	Kenney	CC0 1.0	3D	obj,fbx,gltf,png	node cong-cu/lay.mjs kenney nature-kit
animated-characters-protagonists	Animated Characters Protagonists	Kenney	CC0 1.0	3D	obj,fbx,gltf,png	node cong-cu/lay.mjs kenney animated-characters-protagonists
animated-characters-survivors	Animated Characters Survivors	Kenney	CC0 1.0	3D	obj,fbx,gltf,png	node cong-cu/lay.mjs kenney animated-characters-survivors
racing-kit	Racing Kit	Kenney	CC0 1.0	3D	obj,fbx,gltf,png	node cong-cu/lay.mjs kenney racing-kit
furniture-kit	Furniture Kit	Kenney	CC0 1.0	3D	obj,fbx,gltf,png	node cong-cu/lay.mjs kenney furniture-kit
3d-road-tiles	3D Road Tiles	Kenney	CC0 1.0	3D	obj,fbx,gltf,png	node cong-cu/lay.mjs kenney 3d-road-tiles
casino-audio	Casino Audio	Kenney	CC0 1.0	Audio	ogg,wav	node cong-cu/lay.mjs kenney casino-audio
sci-fi-sounds	Sci-fi Sounds	Kenney	CC0 1.0	Audio	ogg,wav	node cong-cu/lay.mjs kenney sci-fi-sounds
interface-sounds	Interface Sounds	Kenney	CC0 1.0	Audio	ogg,wav	node cong-cu/lay.mjs kenney interface-sounds
impact-sounds	Impact Sounds	Kenney	CC0 1.0	Audio	ogg,wav	node cong-cu/lay.mjs kenney impact-sounds
voiceover-pack-fighter	Voiceover Pack (Fighter)	Kenney	CC0 1.0	Audio	ogg,wav	node cong-cu/lay.mjs kenney voiceover-pack-fighter
voiceover-pack	Voiceover Pack	Kenney	CC0 1.0	Audio	ogg,wav	node cong-cu/lay.mjs kenney voiceover-pack
music-jingles	Music Jingles	Kenney	CC0 1.0	Audio	ogg,wav	node cong-cu/lay.mjs kenney music-jingles
rpg-audio	RPG Audio	Kenney	CC0 1.0	Audio	ogg,wav	node cong-cu/lay.mjs kenney rpg-audio
digital-audio	Digital Audio	Kenney	CC0 1.0	Audio	ogg,wav	node cong-cu/lay.mjs kenney digital-audio
ui-audio	UI Audio	Kenney	CC0 1.0	Audio	ogg,wav	node cong-cu/lay.mjs kenney ui-audio
pattern-pack-extra	Pattern Pack Extra	Kenney	CC0 1.0	Textures	png,svg	node cong-cu/lay.mjs kenney pattern-pack-extra
skyboxes	Skyboxes	Kenney	CC0 1.0	Textures	png,svg	node cong-cu/lay.mjs kenney skyboxes
retro-textures-fantasy	Retro Textures Fantasy	Kenney	CC0 1.0	Textures	png,svg	node cong-cu/lay.mjs kenney retro-textures-fantasy
development-essentials	Development Essentials	Kenney	CC0 1.0	Textures	png,svg	node cong-cu/lay.mjs kenney development-essentials
pattern-pack	Pattern Pack	Kenney	CC0 1.0	Textures	png,svg	node cong-cu/lay.mjs kenney pattern-pack
pattern-pack-pixel	Pattern Pack Pixel	Kenney	CC0 1.0	Textures	png,svg	node cong-cu/lay.mjs kenney pattern-pack-pixel
pattern-pack-lines	Pattern Pack Lines	Kenney	CC0 1.0	Textures	png,svg	node cong-cu/lay.mjs kenney pattern-pack-lines
prototype-textures	Prototype Textures	Kenney	CC0 1.0	Textures	png,svg	node cong-cu/lay.mjs kenney prototype-textures
road-textures	Road Textures	Kenney	CC0 1.0	Textures	png,svg	node cong-cu/lay.mjs kenney road-textures
construct-game-sources	Construct Game Sources	Kenney	CC0 1.0	Other	png,svg	node cong-cu/lay.mjs kenney construct-game-sources
