id	ten	tac_gia	license	so_tam	dinh_dang	tag
ArmChair_01	Arm Chair 01	Kirill Sannikov	CC0 1.0	5626	gltf,blend,fbx	furniture,seating,gothic,vintage,chair,furniture,victorian,couch,wood,varnished,classic
BarberShopChair_01	Barber Shop Chair 01	Fernando Quinn	CC0 1.0	4280	gltf,blend,fbx	furniture,seating,chair,vintage,wood,leather,fancy,upholstery,barber,salon
Barrel_01	Barrel_01	Jorge Camacho	CC0 1.0	2682	gltf,blend,fbx	industrial,containers,barrel,oil,explosive,radioactive,metal,red barrel,oil barrel,drums,fuel barrel,explosive barrel,industrial
Barrel_02	Barrel 02	Jorge Camacho	CC0 1.0	2688	gltf,blend,fbx	industrial,containers,collection: the_shed,barrel,water,plastic,garage,warehouse,industrial,storage,drums,cylindrical
Camera_01	Camera 01	Rajil Jose Macatangay	CC0 1.0	26987	gltf,blend,fbx	props,electronics,vintage,camera,antique,ornate,photography,photography,retro,lens,classic,classic,analog
CashRegister_01	Cash Register 01	Joe Seabuhr	CC0 1.0	9927	gltf,blend,fbx	appliances,props,commercial,store,vintage,cash,transaction,register,money,sales,convenience store,cashier,retail,business
Chandelier_01	Chandelier 01	Kirill Sannikov	CC0 1.0	26860	gltf,blend,fbx	lighting,decorative,lighting,ceiling,hanging,fixture,chandelier,ornate,vintage
Chandelier_02	Chandelier 02	Kirill Sannikov	CC0 1.0	21514	gltf,blend,fbx	lighting,lighting,ceiling,decorative,chandelier,elegant,hanging,ornate,vintage
Chandelier_03	Chandelier 03	Kirill Sannikov	CC0 1.0	29301	gltf,blend,fbx	lighting,decorative,lighting,ceiling,hanging,fixture,chandelier,ornate,decor,elegant
CheeseBox_01	CheeseBox_01	Gabriel Radić	CC0 1.0	884	gltf,blend,fbx	props,containers,collection: the_shed,box,wood,storage,crate,wooden,vintage,farmhouse,aged,distressed,weathered,carpentry
ClassicConsole_01	Classic Console 01	Kirill Sannikov	CC0 1.0	7566	gltf,blend,fbx	furniture,table,wood,vintage,table,gothic,victorian,decorative
ClassicNightstand_01	Classic Nightstand 01	Kirill Sannikov	CC0 1.0	2002	gltf,blend,fbx	furniture,table,wood,vintage,table,gothic,victorian,decorative
CoffeeCart_01	Coffee Cart 01	Joe Seabuhr	CC0 1.0	27659	gltf,blend,fbx	appliances,props,furniture,office,table,metal,shelf,plastic,cart,coffee,portable,wheels,tea,coffee maker,mobile,catering
CoffeeTable_01	Coffee Table 01	Fernando Quinn	CC0 1.0	10404	gltf,blend,fbx	furniture,table,wood,vintage,table,painted,old,worn,decorative
Drill_01	Drill 01	Fernando Quinn	CC0 1.0	2926	gltf,blend,fbx	props,tools,electronics,collection: the_shed,metal,plastic,tool,drill,prop
GothicBed_01	Gothic Bed 01	Kirill Sannikov	CC0 1.0	18741	gltf,blend,fbx	furniture,bed,vintage,gothic,furniture,bed,wood,decorative
GothicCabinet_01	Gothic Cabinet 01	Kirill Sannikov	CC0 1.0	12170	gltf,blend,fbx	furniture,shelves,vintage,wood,gothic,furniture,table,shelf,decorative
GothicCommode_01	Gothic Commode 01	Kirill Sannikov	CC0 1.0	3897	gltf,blend,fbx	furniture,shelves,vintage,wood,table,gothic,shelf,furniture,decorative
GreenChair_01	Green Chair 01	Kirill Sannikov	CC0 1.0	4213	gltf,blend,fbx	furniture,seating,vintage,wood,gothic,furniture,chair,fabric,decorative
Lantern_01	Lantern 01	Rajil Jose Macatangay	CC0 1.0	33902	gltf,blend,fbx	props,lighting,prop,metal,glass,lantern,antique,vintage,hurricane,lamp,bronze,oldfashioned,brass,copper
Megaphone_01	Megaphone 01	Ethan Simon-Law	CC0 1.0	15814	gltf,blend,fbx	props,electronics,tools,plastic,megaphone,device,audio,amplifier,loudspeaker,announcement
Ottoman_01	Ottoman 01	Caspian Fortune	CC0 1.0	4240	gltf,blend,fbx	furniture,seating,furniture,leather,chair,fabric,ottoman,upholstery,interior design,living room,lounge
Rockingchair_01	Rockingchair 01	Jorge Camacho	CC0 1.0	11866	gltf,blend,fbx	furniture,seating,chair,vintage,prop,wood,furniture,rocking chair,rocking,decorative,curved legs,traditional,solid wood,armrest,slatted backrest,antique style
SchoolChair_01	School Chair 01	Ethan Place	CC0 1.0	5072	gltf,blend,fbx	furniture,seating,prop,furniture,metal,plastic,chair,school
SchoolDesk_01	School Desk 01	Ethan Place	CC0 1.0	4162	gltf,blend,fbx	furniture,table,school,desk,wood,metal,classroom,student,single-seat,school furniture,storage-shelf,metal legs,student seating
Shelf_01	Shelf 01	Gabriel Radić	CC0 1.0	182	gltf,blend,fbx	furniture,shelves,wood,shelf,furniture,storage,home,organization,display,wooden,bookcase,shelves,bookshelf,dirty,weathered,distressed,aged,simple
Sofa_01	Sofa 01	Kirill Sannikov	CC0 1.0	4101	gltf,blend,fbx	furniture,seating,wood,prop,furniture,vintage,gothic,chair,couch,victorian,decorative
Television_01	Television 01	Gabriel Radić	CC0 1.0	1918	gltf,blend,fbx	props,electronics,collection: the_shed,vintage,prop,furniture,metal,wood,tv,television,video,audio
Ukulele_01	Ukulele 01	Joseph Burgan	CC0 1.0	8912	gltf,blend,fbx	props,instrument,instrument,wood,prop,guitar,ukulele,music
WetFloorSign_01	Wet Floor Sign 01	Fran Calvente	CC0 1.0	228	gltf,blend,fbx	props,industrial,office,prop,plastic,sign,safety,caution,warning,yellow,hazard,slippery,slippery when wet,utility
WoodenChair_01	Wooden Chair 01	Jake Mobley	CC0 1.0	19992	gltf,blend,fbx	furniture,seating,wood,prop,vintage,furniture,chair,gothic,victorian,decorative
WoodenTable_01	Wooden Table 01	Ethan Place	CC0 1.0	952	gltf,blend,fbx	furniture,vintage,wood,prop,table,school,desk,old,worn
WoodenTable_02	Wooden Table 02	Fran Calvente	CC0 1.0	1514	gltf,blend,fbx	furniture,table,vintage,wood,prop,table,furniture,old,worn,small
WoodenTable_03	Wooden Table 03	Gabriel Radić	CC0 1.0	2298	gltf,blend,fbx	furniture,collection: the_shed,vintage,wood,prop,table,furniture,metal,shelf
adjustable_wrench	Adjustable Wrench	Mateusz Sadek	CC0 1.0	5390	gltf,blend,fbx	collection: project_lighthouse,props,industrial,tools,vintage,worn,antique,aged,shed,garage,hand tool,rustic,pipe wrench,monkey wrench
alarm_clock_01	Alarm Clock 01	Yann Kervran, James Ray Cock	CC0 1.0	13006	gltf,blend,fbx	props,decorative,rigged,clock,time,alarm,bedside,old,90s,watch,blue,aqua
all_purpose_cleaner	All Purpose Cleaner	Kuutti Siitonen	CC0 1.0	4624	gltf,blend,fbx	props,containers,collection: the_shed,shed,cleaning,home,garage,chemicals,household,janitorial,cleaning supplies,sanitation,bottle,cleaner,multipurpose,allpurpose,plastic containers,clutter
american_football	American Football	Riley Queen	CC0 1.0	4480	gltf,blend,fbx	props,game,sports,sport,toy,ball,soccer,football,american
ammo_box	Ammo Box	DanKit	CC0 1.0	4382	gltf,blend,fbx	industrial,tools,collection: project_lighthouse,old,vintage,antique,metal,rusted,army,military,box,cartridge,storage,machinegun,crate
anthurium_botany_01	Anthurium Botany 01	Rob Tuytel, Rico Cilliers	CC0 1.0	4134	gltf,blend,fbx	plants,nature,collection: the_shed,collection: smugglers_cove,nature,bush,leaf,shrub,leaves,forest,plant,green,jungle,outdoor,botany
antique_ceramic_vase_01	Antique Ceramic Vase 01	James Ray Cock	CC0 1.0	9408	gltf,blend,fbx	decorative,containers,vases,vintage,antique,pot,fancy,pattern,vase
antique_estoc	Antique Estoc	James Ray Cock, Ulan Cabanilla	CC0 1.0	8246	gltf,blend,fbx	props,antique,vintage,old,sword,historic,traditional,ornamental,weapon
antique_katana_01	Antique Katana 01	Tal Swicegood	CC0 1.0	6670	gltf,blend,fbx	props,antique,ninja,katana,sword,sharp,blade,japanese,weapon
bananas	Bananas	Alexander Shulha	CC0 1.0	46868	gltf,blend,fbx	food,collection: project_lighthouse,nature,banana bunch,yellow,single banana,ripe,fruit
bar_chair_round_01	Bar Chair Round 01	Dairon Sanchez	CC0 1.0	14373	gltf,blend,fbx	seating,furniture,bar,pub,stool,tall,wooden,classical,old,vintage,cigar
bark_debris_01	Bark Debris 01	Greg Zaal, Jenelle van Heerden	CC0 1.0	362632	gltf,blend,fbx	nature,ground cover,plants,collection: namaqualand,karoo,desert,dry,dead tree,stick
barrel_03	Barrel 03	Serhii Khromov	CC0 1.0	1473	gltf,blend,fbx	industrial,containers,industrial,barrel,oil,fuel,truck,painted,blue
barrel_stove	Barrel Stove	MP	CC0 1.0	11404	gltf,blend,fbx	industrial,containers,collection: hidden_alley,urban,city,night,fire,heating,outdoor,barrel
baseball_01	Baseball 01	Rico Cilliers	CC0 1.0	2712	gltf,blend,fbx	props,ball,baseball,toy,kids,child,sport,stitches,round
baseball_bat	Baseball Bat	Enrique Martín	CC0 1.0	2672	gltf,blend,fbx	props,collection: hidden_alley,game,sports,baseball,toy,activities,bat,outdoor sports,competition,outdoor games
bench_vice_01	Bench Vice 01	Yann Kervran, Antanas Kep	CC0 1.0	2864	gltf,blend,fbx	tools,industrial,rigged,collection: the_shed,workshop,garage,used,metal,old,shed,woodwork
binder_notebook	Binder Notebook	DaDrood	CC0 1.0	18077	gltf,blend,fbx	collection: project_lighthouse,books,props,old,leather,vintage,worn,paper,pencil,pen,journal
binoculars	Binoculars	Derek Wight	CC0 1.0	19248	gltf,blend,fbx	collection: project_lighthouse,props,tools,leather,strap,vintage,antique,optical
bleach_bottle	Bleach Bottle	James Ray Cock	CC0 1.0	4052	gltf,blend,fbx	props,containers,collection: the_shed,shed,cleaning,garage,plastic,storage,clutter,workshop,household,janitorial,sanitation,plastic containers,supplies
bolt_action_rifle_7_62	Bolt Action Rifle 7.62	Mateusz Sadek	CC0 1.0	19985	gltf,blend,fbx	collection: project_lighthouse,weapons,firearms,vintage,worn,old,weathered,aged,gun,scope,bullet
bolt_cutters_01	Bolt Cutters 01	Yann Kervran, Antanas Kep	CC0 1.0	6719	gltf,blend,fbx	tools,industrial,props,rigged,collection: the_shed,metal,worn,used,large,workshop,shed,garage
book_encyclopedia_set_01	Book Encyclopedia Set 01	John Malcolm	CC0 1.0	67306	gltf,blend,fbx	props,decorative,books,bookshelf,books,library,reading,encyclopedia,set
boombox	Boombox	Thomas Paul Mouilleron	CC0 1.0	10168	gltf,blend,fbx	appliances,electronics,collection: hidden_alley,loudspeaker,radio,cd player,stereo,80's,sound system,portable
boulder_01	Boulder 01	Rico Cilliers	CC0 1.0	123976	gltf,blend,fbx	rocks,nature,collection: verdant_trail,rocks,boulder,lichen,landscape,rock,geology,formation,weathered,rock face,cliff
brass_blowtorch	Brass Blowtorch	Ulan Cabanilla	CC0 1.0	11750	gltf,blend,fbx	props,tools,blowtorch,industrial,workshop,garage,weld,welding,automotive,repair shop
brass_candleholders	Brass Candleholders	Tina	CC0 1.0	41936	gltf,blend,fbx	decorative,lighting,vintage,antique,ornate,fancy,brass,pattern,candleholders,elegant,classic,ornamental
brass_diya_lantern	Brass Diya Lantern	Bhargav Kubal	CC0 1.0	12742	gltf,blend,fbx	decorative,lighting,lighting,brass,metal,lamp,candle,light,cultural,hanging
brass_goblets	Brass Goblets	Tina	CC0 1.0	9600	gltf,blend,fbx	props,dishes,decorative,containers,vintage,old,antique,fancy,brass,cup,chalice,goblet,engraved,ornate,container
brass_pan_01	Brass Pan 01	Rico Cilliers	CC0 1.0	4340	gltf,blend,fbx	props,containers,decorative,dishes,brass,pan,copper,old,metal,prop,container,cooking,pot,cookware,decorative,fancy,gold
brass_pot_01	Brass Pot 01	Rico Cilliers	CC0 1.0	3760	gltf,blend,fbx	props,containers,decorative,brass,metal,prop,pot,cooking,container,pattern,decorative,copper,old,fancy,cookware
brass_pot_02	Brass Pot 02	Rico Cilliers	CC0 1.0	3344	gltf,blend,fbx	props,dishes,containers,decorative,brass,metal,prop,cooking,container,pot,cookware,pan,gold,copper
brass_vase_01	Brass Vase 01	Rico Cilliers	CC0 1.0	21440	gltf,blend,fbx	decorative,vases,brass,antique,metal,ancient,artifact,vase,old,clean
brass_vase_02	Brass Vase 02	Rico Cilliers	CC0 1.0	6890	gltf,blend,fbx	decorative,vases,brass,antique,metal,ancient,old,gold,container,vase,clean,ornate,decorative,pattern
brass_vase_03	Brass Vase 03	Rico Cilliers	CC0 1.0	2616	gltf,blend,fbx	containers,props,decorative,vases,metal,prop,brass,decorative,ornate,vase,gold,pitcher,copper,container,pattern,old,antique,fancy,decor
brass_vase_04	Brass Vase 04	Rico Cilliers	CC0 1.0	2760	gltf,blend,fbx	containers,props,vases,dishes,vintage,fancy,metal,brass,copper,old,vase,pitcher,ornate,pattern
bronze_ray_statue	Bronze Ray Statue	Tina	CC0 1.0	1844	gltf,blend,fbx	decorative,collection: project_lighthouse,sculpture,ornate,artwork,art,statue,ornamental,manta ray,stingray,underwater
bronze_shark_statue	Bronze Shark Statue	Tina	CC0 1.0	7334	gltf,blend,fbx	decorative,collection: project_lighthouse,sculpture,ornate,artwork,art,statue,ornamental,underwater,shark,fish
bronze_whale_statue	Bronze Whale Statue	Tina	CC0 1.0	3816	gltf,blend,fbx	decorative,collection: project_lighthouse,sculpture,ornate,artwork,art,statue,ornamental,underwater,whale,fish
bull_head	Bull Head	Tina	CC0 1.0	17148	gltf,blend,fbx	decorative,antique,vintage,old,ornate,statue,sculpture,animal,art,wildlife
bunsen_burner	Bunsen Burner	BKS	CC0 1.0	8434	gltf,blend,fbx	collection: project_lighthouse,props,industrial,tools,chemistry,lab,equipment,gas,science,testing,laboratory
caged_hanging_light	Caged Hanging Light	Ulan Cabanilla	CC0 1.0	22893	gltf,blend,fbx	collection: project_lighthouse,lighting,industrial,industrial,warehouse,ceiling-mounted,fluorescent,chain,utility,infrastructure,electrical,bunker
calathea_orbifolia_01	Calathea Orbifolia 01	Rob Tuytel, Rico Cilliers	CC0 1.0	16688	gltf,blend,fbx	plants,nature,ground cover,collection: smugglers_cove,nature,bush,leaf,shrub,green,leaves,forest,plant,jungle,outdoor,botany,decorative
can_rusted	Can Rusted	Rahul Chaudhary	CC0 1.0	3520	gltf,blend,fbx	containers,collection: the_shed,shed,rubbish,dirty,outdoor,clutter,garage,used,old
cannon_01	Cannon 01	Yann Kervran, James Ray Cock	CC0 1.0	41444	gltf,blend,fbx	props,rigged,collection: smugglers_cove,cannon,gun,gunpowder,pirates,cove,barrel,old,wooden,prop,cast iron,cast,iron,metal,colonial,maritime,ship,weapon
cardboard_box_01	Cardboard Box 01	Rahul Chaudhary	CC0 1.0	16952	gltf,blend,fbx	industrial,containers,collection: the_shed,warehouse,shed,storage,box,paper,worn,old,broken,damaged,garage
carrot_cake	Carrot Cake	Greg Zaal, James Ray Cock	CC0 1.0	13790	gltf,blend,fbx	food,props,baked goods,cake,carrot,food,bakery,dish,cooking,dessert
carved_wooden_elephant	Carved Wooden Elephant	Greg Zaal	CC0 1.0	2752	gltf,blend,fbx	props,decorative,wood,wooden,woodwork,statue,carved,animal
carved_wooden_plate	Carved Wooden Plate	Jan Martens	CC0 1.0	2112	gltf,blend,fbx	props,decorative,dishes,vintage,wood,antique,carved,hand made,crafted,fruitbowl,plate
cassette_player	Cassette Player	Oday Abuzaeed	CC0 1.0	4830	gltf,blend,fbx	props,electronics,walkman,vintage,device,audio,retro,music,gadget,nostalgia,portable,cassette tape,analog,old school,classic
ceiling_fan	Ceiling Fan	Ulan Cabanilla	CC0 1.0	16356	gltf,blend,fbx	appliances,electronics,utility,ceiling,air circulation,ventilation,fixture,cooling,fan,interior
celandine_01	Celandine 01	Rob Tuytel, Rico Cilliers	CC0 1.0	1746764	gltf,blend,fbx	nature,plants,ground cover,flowers,field,nature,green,shrub,plant,outdoor,leaf,botany,leaves,meadow,floral,flower,small,natural,celandine
cement_bag	Cement Bag	PierreB3D	CC0 1.0	844	gltf,blend,fbx	props,collection: project_lighthouse,industrial,warehouse,factory,building,construction,cement,cement bag,building material,building supply,construction supply
ceramic_pot	Ceramic Pot	Aron Łyczek	CC0 1.0	3592	gltf,blend,fbx	containers,props,decorative,dishes,collection: project_lighthouse,earthenware,glazed,aged,weathered,ceramic
ceramic_vase_01	Ceramic Vase 01	James Ray Cock	CC0 1.0	2548	gltf,blend,fbx	vases,containers,decorative,pot,clean,tall,modern,fancy,decor
ceramic_vase_02	Ceramic Vase 02	James Ray Cock	CC0 1.0	2756	gltf,blend,fbx	decorative,containers,vases,fancy,modern,vase,decor,clay,pot,painted
ceramic_vase_03	Ceramic Vase 03	James Ray Cock	CC0 1.0	2784	gltf,blend,fbx	containers,decorative,vases,clay,pot,exterior,decor,painted,vase,tall,modern,fancy
ceramic_vase_04	Ceramic Vase 04	James Ray Cock	CC0 1.0	2224	gltf,blend,fbx	containers,decorative,vases,fancy,modern,vase,decor,painted,jug,clay,pot
cheiridopsis_succulent	Cheiridopsis Succulent	James Ray Cock, Jenelle van Heerden	CC0 1.0	198888	gltf,blend,fbx	collection: namaqualand,nature,plants,ground cover,karoo,desert,south africa,succulent,quartz,tiny,aloe,cactus,flower
chemistry_set	Chemistry Set	Jiří Ptáček	CC0 1.0	41958	gltf,blend,fbx	collection: project_lighthouse,industrial,props,tools,laboratory,science,chemistry,glassware,equipment,testing,lab,retort stand,test tubes,burette clamp,graduated cylinder,beaker
chess_set	Chess Set	Riley Queen	CC0 1.0	76920	gltf,blend,fbx	decorative,props,boardgame,game,old,decor,home,vintage,antique,tabletop,display piece,ornamental,elegant
chinese_armchair	Chinese Armchair	Kirill Sannikov	CC0 1.0	2675	gltf,blend,fbx	furniture,seating,vintage,antique,ornate,chinese,asian,varnished,elegant,wooden,traditional
chinese_cabinet	Chinese Cabinet	Kirill Sannikov	CC0 1.0	15668	gltf,blend,fbx	shelves,furniture,old,wooden,vintage,antique,ornate,traditional,asian,elegant,ornamental
chinese_chandelier	Chinese Chandelier	Kirill Sannikov	CC0 1.0	7828	gltf,blend,fbx	lighting,decorative,vintage,antique,old,wooden,ornate,traditional,asian
chinese_commode	Chinese Commode	Kirill Sannikov	CC0 1.0	6775	gltf,blend,fbx	furniture,shelves,vintage,antique,wooden,ornate,asian,traditional,cabinet
chinese_console_table	Chinese Console Table	Kirill Sannikov	CC0 1.0	13648	gltf,blend,fbx	table,furniture,vintage,antique,wooden,ornate,traditional,asian
chinese_screen_panels	Chinese Screen Panels	Kirill Sannikov	CC0 1.0	784	gltf,blend,fbx	furniture,vintage,antique,old,wooden,ornate,asian,divider,wall
chinese_sofa	Chinese Sofa	Kirill Sannikov	CC0 1.0	704	gltf,blend,fbx	furniture,seating,vintage,antique,wooden,ornate,traditional,fancy
chinese_stool	Chinese Stool	Kirill Sannikov	CC0 1.0	1090	gltf,blend,fbx	seating,furniture,vintage,antique,wooden,ornate,traditional,asian
chinese_tea_table	Chinese Tea Table	Kirill Sannikov	CC0 1.0	2508	gltf,blend,fbx	table,furniture,vintage,antique,old,wooden,ornate,traditional
cigarette_case	Cigarette Case	Michał Wiśniewski	CC0 1.0	16912	gltf,blend,fbx	collection: project_lighthouse,props,cigarette pack,cigarette holder,metal tin,smoking,accessories
cigarette_pack	Cigarette Pack	Ulrich Büch	CC0 1.0	7582	gltf,blend,fbx	containers,props,collection: project_lighthouse,smoking,tabacco,cigarette pack,flip-top box
circuit_board	Circuit Board	Benny Weimer	CC0 1.0	14430	gltf,blend,fbx	collection: project_lighthouse,electronics,computer,components,chip,motherboard,pc hardware,connectors,wiring,power supply,circuit,power,electrical
classic_laptop	Classic Laptop	Arrangemonk	CC0 1.0	14450	gltf,blend,fbx	collection: project_lighthouse,office,electronics,old,vintage,beige,notebook,lcd,trackball
cleaner_tin_01	Cleaner Tin 01	Tom Phillips	CC0 1.0	3560	gltf,blend,fbx	containers,tools,industrial,collection: the_shed,shed,workshop,metal,lubricant,oil,construction,garage
clipboard	Clipboard	ProgrammerOnCoffee	CC0 1.0	6176	gltf,blend,fbx	collection: project_lighthouse,office,props,writing,desk,stationery,metal,scratched
coast_land_rocks_02	Coast Land Rocks 02	Rob Tuytel, Rico Cilliers	CC0 1.0	2420895	gltf,blend,fbx	nature,rocks,collection: smugglers_cove,rocks,coastal,landscape,formation,seaside,shore,geology,pebbles,weathered,stones,rock,sand,beach,shoreline
coast_land_rocks_03	Coast Land Rocks 03	Rob Tuytel, Rico Cilliers	CC0 1.0	2056223	gltf,blend,fbx	nature,rocks,collection: smugglers_cove,rocks,formation,coastal,landscape,seaside,shore,geology,pebbles,weathered,beach,stones,rock,shoreline
coast_land_rocks_04	Coast Land Rocks 04	Rob Tuytel, Rico Cilliers	CC0 1.0	2037497	gltf,blend,fbx	nature,rocks,collection: smugglers_cove,landscape,rocks,shore,coastal,geology,shoreline,rock,stones,pebbles,weathered,beach,sand,rock face,seaside,cove
coast_line_01	Coast Line 01	Rob Tuytel, Rico Cilliers	CC0 1.0	1011543	gltf,blend,fbx	nature,rocks,collection: smugglers_cove,coast,shoreline,coastline,seaside,shore,coastal,geology,rock,rocks,stones,formation,weathered,landscape,ocean,cove,beach
coast_line_02	Coast Line 02	Rob Tuytel, Rico Cilliers	CC0 1.0	1419259	gltf,blend,fbx	nature,rocks,collection: smugglers_cove,landscape,rocks,coastal,rock,shoreline,shore,geology,stones,formation,weathered,pebbles,beach,sand,cove,coastal formations,coastline,seaside
coast_rocks_01	Coast Rocks 01	Rob Tuytel, Rico Cilliers	CC0 1.0	1274876	gltf,blend,fbx	nature,rocks,collection: smugglers_cove,rocks,seaside,shore,coastal,stones,rock,landscape,geology,shoreline,pebbles,formation,weathered
coast_rocks_02	Coast Rocks 02	Rob Tuytel, Rico Cilliers	CC0 1.0	2363290	gltf,blend,fbx	nature,rocks,collection: smugglers_cove,seaside,rocks,formation,landscape,shore,geology,coastal,shoreline,stones,rock,weathered
coast_rocks_03	Coast Rocks 03	Rob Tuytel, Rico Cilliers	CC0 1.0	1525242	gltf,blend,fbx	nature,rocks,collection: smugglers_cove,rocks,seaside,stones,formation,landscape,shore,rock,shoreline,coastal,pebbles,weathered,beach,sand
coast_rocks_05	Coast Rocks 05	Rob Tuytel	CC0 1.0	1446981	gltf,blend,fbx	nature,rocks,collection: smugglers_cove,collection: verdant_trail,rocks,coastal,maritime,ocean,stone,reef,formation,landscape,seaside,shore,geology,pebbles,seaweed,weathered
coastal_cliff_01	Coastal Cliff 01	Rob Tuytel, Rico Cilliers	CC0 1.0	865917	gltf,blend,fbx	nature,collection: smugglers_cove,cliff,ocean,rocks,maritime,cove,formation,rock face,seaside,landscape,geology,shore,shoreline,coastal,stones,rock,coastal formations
coastal_cliff_02	Coastal Cliff 02	Rob Tuytel	CC0 1.0	1768655	gltf,blend,fbx	nature,collection: smugglers_cove,collection: verdant_trail,cliff,ocean,rocks,maritime,cove,formation,rock face,seaside,landscape
coastal_cliff_04	Coastal Cliff 04	Rob Tuytel, Rico Cilliers	CC0 1.0	2883111	gltf,blend,fbx	nature,rocks,collection: smugglers_cove,collection: verdant_trail,cliff,landscape,seaside,formation,geology,shoreline,coastal,rock,weathered,rock face,coastal formations,shore
coffee_table_round_01	Coffee Table Round 01	Ulan Cabanilla	CC0 1.0	4044	gltf,blend,fbx	furniture,table,modern,marble,tea,coffee,metal,sleek,contemporary,cocktail
combination_wrench	Combination Wrench	BKS	CC0 1.0	1986	gltf,blend,fbx	collection: project_lighthouse,tools,industrial,garage,workshop,construction,scratched
compost_bag_02	Compost Bag 02	Satyaki Mandal	CC0 1.0	12096	gltf,blend,fbx	containers,industrial,collection: the_shed,outdoor,botany,greenhouse,landscaping,shed,gardening,fertilizer,soil
compost_bags	Compost Bags	James Ray Cock	CC0 1.0	18708	gltf,blend,fbx	props,collection: the_shed,garden,shed,planting,gardening,landscaping,fertilizer,compost,greenhouse,farm,farmhouse
concrete_cat_statue	Concrete Cat Statue	Rico Cilliers, Riley Queen	CC0 1.0	11950	gltf,blend,fbx	decorative,garden,outdoor,landscaping,gardening,statue,concrete,sculpture,cat,lawn decoration
concrete_road_barrier	Concrete Road Barrier	Amal Kumar	CC0 1.0	80776	gltf,blend,fbx	industrial,structures,collection: hidden_alley,road barrier,traffic barrier,safety barrier,wall,road,road block,blockade,partition,infrastructure
concrete_road_barrier_02	Concrete Road Barrier 02	Amal Kumar	CC0 1.0	42578	gltf,blend,fbx	industrial,structures,collection: hidden_alley,road barrier,traffic barrier,safety barrier,wall,road,road block,blockade
covered_car	Covered Car	MP	CC0 1.0	12592	gltf,blend,fbx	props,industrial,collection: hidden_alley,garage,stored,vehicle,car,workshop,mechanic,automotive,repair shop,junkyard,scrapyard
croissant	Croissant	Greg Zaal, Dario Barresi	CC0 1.0	1990	gltf,blend,fbx	props,food,food,pastry,baked goods,french,breakfast,bakery,savory
cross_pein_hammer	Cross Pein Hammer	Tics	CC0 1.0	2124	gltf,blend,fbx	collection: project_lighthouse,props,tools,old,vintage,antique,wooden,hammer,blacksmith,rustic,aged,worn
crowbar_01	Crowbar 01	Alexander Otterbeck	CC0 1.0	2300	gltf,blend,fbx	tools,industrial,props,collection: the_shed,metal,shed,workshop,garage,used,dirty,construction,carpentry,nails,farmhouse
crystalline_iceplant	Crystalline Iceplant	James Ray Cock, Jenelle van Heerden	CC0 1.0	23487	gltf,blend,fbx	nature,plants,ground cover,collection: namaqualand,leaf,small,succulent,foliage,leaves,karoo,botanical,south africa
dandelion_01	Dandelion 01	Rob Tuytel, Rico Cilliers	CC0 1.0	64099	gltf,blend,fbx	plants,flowers,nature,ground cover,plant,nature,green,shrub,outdoor,leaf,bush,botany,field,flower,meadow,foliage,small,floral
dartboard	Dartboard	Satyaki Mandal	CC0 1.0	6800	gltf,blend,fbx	props,decorative,wall decoration,collection: the_shed,shed,bar,activities,darts,game,toy,pub,sports,sport,fun,entertainment,competition,target,bullseye,indoor games
dead_quiver_branch_01	Dead Quiver Branch 01	Greg Zaal, Jenelle van Heerden	CC0 1.0	14834	gltf,blend,fbx	nature,plants,ground cover,collection: namaqualand,karoo,south africa,desert,botanical,dried,stick,debris
dead_quiver_branch_02	Dead Quiver Branch 02	Greg Zaal, Jenelle van Heerden	CC0 1.0	14386	gltf,blend,fbx	nature,collection: namaqualand,plants,ground cover,south africa,karoo,dry,debris,log,decayed,dried,stick,desert
dead_quiver_trunk	Dead Quiver Trunk	James Ray Cock, Dario Barresi, Rico Cilliers	CC0 1.0	33706	gltf,blend,fbx	collection: namaqualand,nature,trees,karoo,south africa,dry,dried,dead,decayed,debris,log,stump,dead tree
dead_tree_trunk	Dead Tree Trunk	Rob Tuytel	CC0 1.0	101802	gltf,blend,fbx	nature,plants,ground cover,collection: pine_forest,collection: verdant_trail,log,dead tree,tree,trunk,bark,natural,foliage,nature,forest,plant,dead,dry,woodland,decayed,rough texture,forest floor
dead_tree_trunk_02	Dead Tree Trunk 02	Jenelle van Heerden, Rico Cilliers	CC0 1.0	155864	gltf,blend,fbx	nature,plants,trees,collection: verdant_trail,trunk,log,tree trunk,dead,decayed,dry,rough texture,forest floor,stump,bark,woodland,debris,environment,ground cover
decorative_book_set_01	Decorative Book Set 01	James Ray Cock	CC0 1.0	112560	gltf,blend,fbx	props,decorative,books,bookshelf,books,reading,library,collection
desk_lamp_arm_01	Desk Lamp Arm 01	Yann Kervran, Kuutti Siitonen	CC0 1.0	25710	gltf,blend,fbx	lighting,rigged,collection: the_shed,industrial,lamp,mounted,fixed,desk,table,light,arm
didelta_spinosa	Didelta Spinosa	Jenelle van Heerden	CC0 1.0	694671	gltf,blend,fbx	plants,collection: namaqualand,green,dessert,shrub,leaves,nature,botany,natural,bush,foliage,leaf,flower
digital_wrist_watch	Digital Wrist Watch	Adrian C	CC0 1.0	10390	gltf,blend,fbx	collection: project_lighthouse,props,electronics,vintage,seven segment display,casio style,retro digital,80s aesthetic,backlit lcd,scratched
dining_chair_02	Dining Chair 02	James Ray Cock	CC0 1.0	22013	gltf,blend,fbx	furniture,seating,modern,chair,seat,dining,fancy,leather
dining_table	Dining Table	Aron Łyczek	CC0 1.0	1048	gltf,blend,fbx	collection: project_lighthouse,furniture,table,old,scratched,cloth-covered,rectangular,checkered-tablecloth,tapered-legs,worn
dirty_football	Dirty Football	Rohit Seervi	CC0 1.0	37486	gltf,blend,fbx	props,shed,toy,soccer,sports,sport,ball,game,field,stadium,dirty,dirt
drain_cleaner	Drain Cleaner	James Ray Cock	CC0 1.0	4338	gltf,blend,fbx	industrial,props,tools,workshop,garage,bathroom,cleaning,cleaning supplies,toilet,household,maintenance,plumbing,cleaner,drain,chemicals,sewer,blockage,storage,pipe cleaner
drawer_cabinet	Drawer Cabinet	Ulan Cabanilla	CC0 1.0	26406	gltf,blend,fbx	furniture,wood,furniture,shelf,drawer,metal,modern
drill_press_01	Drill Press 01	Viktor	CC0 1.0	58526	gltf,blend,fbx	collection: project_lighthouse,appliances,electronics,industrial,tools,machinery,workshop,chuck,garage,construction
dry_branches_medium_01	Dry Branches Medium 01	Rico Cilliers	CC0 1.0	16803	gltf,blend,fbx	props,nature,plants,ground cover,collection: pine_forest,collection: verdant_trail,branches,dead,dry,plants,nature,natural,plant,outdoor,foliage,forest,jungle,shrub,medium,stick,twig,botany,wood
dry_quiver_leaf	Dry Quiver Leaf	Greg Zaal, Rico Cilliers	CC0 1.0	147596	gltf,blend,fbx	nature,plants,ground cover,collection: namaqualand,karoo,desert,south africa,dry,dried,dead,debris
dustpan	Dustpan	Balen	CC0 1.0	4332	gltf,blend,fbx	collection: project_lighthouse,props,tools,garage,workshop,cleaning supplies,dusted,storage,sanitation,janitorial,cleaning,household
dutch_ship_large_01	Dutch Ship Large 01	James Ray Cock, Rico Cilliers, Nicolò Zubbini	CC0 1.0	110616	gltf,blend,fbx	ships,collection: smugglers_cove,ship,boat,old,wooden,wood,maritime,commercial,pirates,ocean,sail,sea,large,fancy,sailing
dutch_ship_large_02	Dutch Ship Large 02	James Ray Cock, Rico Cilliers, Nicolò Zubbini	CC0 1.0	96506	gltf,blend,fbx	ships,collection: smugglers_cove,old,wooden,wood,maritime,colonial,pirates,ship,ocean,sea,boat,sail,large,sailing,fancy
dutch_ship_medium	Dutch Ship Medium	James Ray Cock, Rico Cilliers, Nicolò Zubbini	CC0 1.0	69162	gltf,blend,fbx	ships,collection: smugglers_cove,ship,boat,pirates,old,wooden,wood,colonial,maritime,commercial,ocean,sea,medium,sail
electric_stove	Electric Stove	Kuutti Siitonen	CC0 1.0	13914	gltf,blend,fbx	electronics,appliances,rigged,props,kitchen appliance,cooking equipment,stovetop,oven,cooktop,simple,white,cooking,kitchen
exterior_aircon_unit	Exterior Aircon Unit	Monsta3D	CC0 1.0	18986	gltf,blend,fbx	appliances,industrial,electronics,collection: hidden_alley,cooling system,aircon,climatecontrol,ventilation,utility,infrastructure
fancy_picture_frame_01	Fancy Picture Frame 01	Rob Tuytel, Rico Cilliers	CC0 1.0	938	gltf,blend,fbx	decorative,wall decoration,art,vintage,old,dutch,painting,oil,antique,fancy,frame,picture
fancy_picture_frame_02	Fancy Picture Frame 02	Rob Tuytel, Rico Cilliers	CC0 1.0	35102	gltf,blend,fbx	decorative,wall decoration,art,vintage,old,dutch,painting,oil,antique,fancy,frame,picture
fern_02	Fern 02	Rob Tuytel, Rico Cilliers	CC0 1.0	6232	gltf,blend,fbx	plants,nature,collection: smugglers_cove,collection: pine_forest,plant,fern,foliage,jungle,shrub,bush,leaf,leaves,green,nature,forest,outdoor
filmstrip_projector_8mm	Filmstrip Projector 8mm	PeterM	CC0 1.0	32697	gltf,blend,fbx	electronics,appliances,collection: project_lighthouse,antique,vintage,old,retro,film,movie,theater
fir_sapling	Fir Sapling	Rob Tuytel, Rico Cilliers	CC0 1.0	433021	gltf,blend,fbx	nature,plants,trees,collection: pine_forest,fir,sapling,small,tree,needles,woodland,branches,natural,green,environment,coniferous
fir_sapling_medium	Fir Sapling Medium	Rob Tuytel, Rico Cilliers	CC0 1.0	2308249	gltf,blend,fbx	plants,nature,trees,collection: pine_forest,fir,sapling,medium,needles,woodland,branches,environment,coniferous,tree,plants,foliage,geometry nodes
fir_tree_01	Fir Tree 01	Rob Tuytel, Rico Cilliers	CC0 1.0	7853731	gltf,blend,fbx	nature,plants,trees,collection: pine_forest,fir,tree,geometry nodes,woodland,needles,branches,environment,coniferous,plants,forest,tall,trunk,bark,foliage,twig
fire_alarm	Fire Alarm	Slinc	CC0 1.0	2705	gltf,blend,fbx	collection: project_lighthouse,industrial,office,wall decoration,alarm,emergency,red,safety,firefighting
fire_hydrant	Fire Hydrant	Gonçalo Felício	CC0 1.0	86316	gltf,blend,fbx	industrial,structures,collection: hidden_alley,city,urban,street,road,emergency,valve,extinguisher,utility,municipal,infrastructure
fish_knife	Fish Knife	Mateusz Sadek	CC0 1.0	2736	gltf,blend,fbx	collection: project_lighthouse,props,fishing,blade,dagger,sharp,survival,weapon
fishermans_hat	Fishermans Hat	PierreB3D	CC0 1.0	10304	gltf,blend,fbx	collection: project_lighthouse,props,outdoor,clothing,hat,garden,greenhouse,gardening,boonie hat,wide-brim,fishing,safari hat,sunhat
flathead_screwdriver	Flathead Screwdriver	Dylan Detwiller	CC0 1.0	2300	gltf,blend,fbx	tools,props,industrial,collection: the_shed,wood,shed,wooden,garage,workshop,woodwork,carpentry
flower_empodium	Flower Empodium	Jenelle van Heerden, Rico Cilliers	CC0 1.0	5820	gltf,blend,fbx	nature,plants,flowers,ground cover,collection: namaqualand,karoo,field,yellow,floral,wildflower,south africa
flower_gazania	Flower Gazania	James Ray Cock, Jenelle van Heerden	CC0 1.0	25819	gltf,blend,fbx	nature,plants,flowers,ground cover,collection: namaqualand,karoo,outdoor,field,orange,botanical,floral,african,wildflower,daisy,south africa
flower_heliophila	Flower Heliophila	Jenelle van Heerden	CC0 1.0	324914	gltf,blend,fbx	nature,plants,ground cover,grass,collection: namaqualand,plant,natural,botany,tiny,small,karoo,desert,south africa,white,wildflower,floral
flower_stinkkruid	Flower Stinkkruid	Jenelle van Heerden, Rico Cilliers	CC0 1.0	103778	gltf,blend,fbx	nature,plants,flowers,collection: namaqualand,karoo,field,yellow,botanical,botany,floral,south africa,wildflower
flower_ursinia	Flower Ursinia	Jenelle van Heerden, Rico Cilliers	CC0 1.0	44360	gltf,blend,fbx	nature,plants,flowers,collection: namaqualand,ground cover,karoo,south africa,desert,wildflower,botanical,orange
folding_wooden_stool	Folding Wooden Stool	Ulan Cabanilla	CC0 1.0	6324	gltf,blend,fbx	seating,furniture,workshop,garage,woodwork,camping,folding stool,portable,compact,outdoor,garden
food_apple_01	Food Apple 01	Oliver Harries	CC0 1.0	7012	gltf,blend,fbx	food,nature,food,fruit,apple,fruitbowl,red,ripe,fresh,organic,stem,ripe apple
food_avocado_01	Food Avocado 01	Oliver Harries	CC0 1.0	7743	gltf,blend,fbx	food,nature,fruit,food,fruitbowl,avo,dark,ripe
food_ginger_01	Food Ginger 01	Oliver Harries	CC0 1.0	7205	gltf,blend,fbx	food,nature,food,cooking,ginger,chef,resturant,organic,root,herbal,botanical,rhizome
food_kiwi_01	Food Kiwi 01	Oliver Harries	CC0 1.0	7748	gltf,blend,fbx	food,nature,food,fruitbowl,fruit,kiwi,exotic,tropical
food_lime_01	Food Lime 01	Oliver Harries	CC0 1.0	8100	gltf,blend,fbx	food,nature,fruit,fruitbowl,food,lemon,lime,citrus,green,fresh
food_lychee_01	Food Lychee 01	Oliver Harries	CC0 1.0	6783	gltf,blend,fbx	food,nature,fruitbowl,fruit,food,lychee,fresh,lychee skin ,spikey,tropical,organic
food_pears_asian_01	Pears Asian 01	Amal Kumar	CC0 1.0	12572	gltf,blend,fbx	food,nature,fruit,fruitbowl,tropical,food,pears,organic,asian pears,produce,fresh fruit,greenhouse,ripe,stem,raw
food_pomegranate_01	Food Pomegranate 01	Oliver Harries	CC0 1.0	8142	gltf,blend,fbx	food,nature,fruit,fruitbowl,food,red,pomegranite,produce,fresh fruit,ripe,calyx,raw
football	Football	Amal Kumar	CC0 1.0	4296	gltf,blend,fbx	props,collection: the_shed,shed,toy,sport,soccer,ball,outdoor,garden,garage
gallinera_chair	Gallinera Chair	Ulan Cabanilla	CC0 1.0	11560	gltf,blend,fbx	furniture,seating,vintage,antique,philippines,traditional,old,wooden
gallinera_table	Gallinera Table	Ulan Cabanilla	CC0 1.0	5528	gltf,blend,fbx	furniture,table,vintage,antique,philippines,traditional,old,wooden
gamepad	Gamepad	Josh Dean	CC0 1.0	9546	gltf,blend,fbx	props,game,video,tv,living room,lounge,80's,indoor games,entertainment,gaming,controller,nintendo,joystick,console,xbox,playstation,remote
gaming_console	Gaming Console	Sean Buckley	CC0 1.0	31710	gltf,blend,fbx	appliances,electronics,game,gaming,console,playstation,entertainment,video games,xbox
garden_gloves_01	Garden Gloves 01	Satyaki Mandal	CC0 1.0	6822	gltf,blend,fbx	props,collection: the_shed,outdoor,shed,garden,gardening,hand,dirty,used,worn,old,workshop,garage,greenhouse,farm
garden_gnome	Garden Gnome	Bhargav Kubal	CC0 1.0	28858	gltf,blend,fbx	decorative,collection: the_shed,shed,outdoor,garage,garden,gardening,farmhouse,greenhouse
garden_hose_wall_mounted_01	Garden Hose Wall Mounted 01	Kuutti Siitonen	CC0 1.0	11684	gltf,blend,fbx	wall decoration,plants,collection: the_shed,garden,gardening,landscaping,pipes,cable,valve,hose,water,tap,outdoor,green,shed,irrigation,greenhouse,farm,farmhouse
garden_sprinkler_01	Garden Sprinkler 01	Amal Kumar	CC0 1.0	8192	gltf,blend,fbx	tools,appliances,collection: the_shed,garden,gardening,shed,outdoor,garage,landscaping,water,tap,valve,hose,sprinkler,irrigation,greenhouse,farm
gate_latch_01	Gate Latch 01	Desktoy	CC0 1.0	5480	gltf,blend,fbx	industrial,buildings,structures,collection: the_shed,outdoor,metal,gate,lock,latch,bolt,fence,door,wooden,shed,farm,farmhouse
gothic_coffee_table	Gothic Coffee Table	Ulan Cabanilla	CC0 1.0	23836	gltf,blend,fbx	furniture,table,vintage,antique,old,wooden,gothic,medieval,dark decor
gothic_statue	Gothic Statue	Benny Weimer	CC0 1.0	27739	gltf,blend,fbx	collection: project_lighthouse,decorative,old,stones,sculpture,medieval,statue,artwork,ornamental,gothic,weathered,ornate
grass_bermuda_01	Grass Bermuda 01	Rico Cilliers	CC0 1.0	223596	gltf,blend,fbx	grass,nature,ground cover,collection: smugglers_cove,plant,grass,nature,shrub,field,foliage,natural,outdoor,botany,small,green,bermuda
grass_medium_01	Grass Medium 01	Rob Tuytel, Rico Cilliers	CC0 1.0	1606633	gltf,blend,fbx	grass,nature,ground cover,collection: pine_forest,plant,grass,nature,green,shrub,outdoor,field,meadow,natural,foliage,small,botany
grass_medium_02	Grass Medium 02	Rico Cilliers	CC0 1.0	1043926	gltf,blend,fbx	nature,ground cover,grass,plants,collection: verdant_trail,grass,field,meadow,shrub,small,green,nature,plant,foliage,natural,geometry nodes,ground cover,vegetation,undergrowth,ground,lawn,environment,pasture
hamburger_buns	Hamburger Buns	Alexander Shulha	CC0 1.0	11588	gltf,blend,fbx	props,food,collection: project_lighthouse,baked goods,bread,bakery,bread rolls,buns
hand_plane_no4	Hand Plane No4	Satyaki Mandal	CC0 1.0	8220	gltf,blend,fbx	tools,collection: the_shed,vintage,hand tool,carpentry,old,wood,worn,woodwork,workshop,shed,garage
hand_truck	Hand Truck	Mutanzom3D	CC0 1.0	13220	gltf,blend,fbx	collection: project_lighthouse,industrial,props,dolly,sack truck,warehouse equipment,load carrier,portable trolley,cart,storage,freight,tool,garage,warehouse,factory
handsaw_wood	Handsaw Wood	Konrad Szałankiewicz	CC0 1.0	2548	gltf,blend,fbx	props,tools,industrial,collection: the_shed,wooden,workshop,shed,woodwork,worn,metal,carpentry,garage,saw
hanging_industrial_lamp	Hanging Industrial Lamp	Kuutti Siitonen	CC0 1.0	9530	gltf,blend,fbx	lighting,industrial lighting,hanging lamp,warehouse lighting,bunker,metal lamp,factory,warehouse
hanging_picture_frame_01	Hanging Picture Frame 01	James Ray Cock	CC0 1.0	2586	gltf,blend,fbx	decorative,wall decoration,modern,minimalist,clean,frame,simple,art
hanging_picture_frame_02	Hanging Picture Frame 02	James Ray Cock	CC0 1.0	3678	gltf,blend,fbx	decorative,wall decoration,wood,painting,old,art,frame
hanging_picture_frame_03	Hanging Picture Frame 03	James Ray Cock	CC0 1.0	24348	gltf,blend,fbx	wall decoration,decorative,vintage,photo,photograph,old,antique,picture,fancy,wooden,varnished
hatchet	Hatchet	James Ray Cock, Ulan Cabanilla	CC0 1.0	5250	gltf,blend,fbx	tools,weapon,axe,lumber,hatchet,chopping,woodwork,camping,forestry,hiking,firewood,hand tool
horse_head	Horse Head	Tina	CC0 1.0	12068	gltf,blend,fbx	decorative,old,vintage,antique,ornate,sculpture,artwork,art,statue,ornamental
horse_statue_01	Horse Statue 01	Rico Cilliers	CC0 1.0	22388	gltf,blend,fbx	props,decorative,decorative,horse,statue,figurine,porcelain,animal,sculpture,white,fancy
industrial_caged_sconce	Industrial Caged Sconce	Ulan Cabanilla	CC0 1.0	26576	gltf,blend,fbx	collection: project_lighthouse,lighting,industrial,caged lamp,pipe fixture,guarded light,utility lighting,warehouse,factory,bunker,wall light,modular,heavy duty
industrial_coffee_table	Industrial Coffee Table	Ulan Cabanilla	CC0 1.0	41300	gltf,blend,fbx	furniture,table,metal,industrial,steel,rustic,workshop,metal frame,garage,urban loft
industrial_microscope	Industrial Microscope	Lukas Walzer	CC0 1.0	16598	gltf,blend,fbx	collection: project_lighthouse,industrial,tools,appliances,lab,laboratory,science,testing,equipment,optical
industrial_pastic_container	Industrial Plastic Container	Galo Benivegna	CC0 1.0	7118	gltf,blend,fbx	collection: project_lighthouse,containers,office,industrial,worn,storage,rectangular,dirty
industrial_pipe_lamp	Industrial Pipe Lamp	Mateusz Sadek	CC0 1.0	8626	gltf,blend,fbx	collection: project_lighthouse,industrial,lighting,desk light,lamp,metal,industrial,workshop lamp,mechanical
industrial_storage_cart	Industrial Storage Cart	Jule Bielitz	CC0 1.0	18902	gltf,blend,fbx	collection: project_lighthouse,table,furniture,industrial,old,metal,steel,container,garage,workshop,rusted,shed,rolling,workbench,casters
industrial_wall_lamp	Industrial Wall Lamp	Kuutti Siitonen	CC0 1.0	4446	gltf,blend,fbx	lighting,industrial,factory,warehouse,wall light,metal,bunker,mine
industrial_wall_sconce	Industrial Wall Sconce	Ulan Cabanilla	CC0 1.0	9826	gltf,blend,fbx	lighting,decorative,old,vintage,antique,fancy,farmhouse,rustic,brass,copper,wall light
island_tree_01	Island Tree 01	Rob Tuytel, Rico Cilliers	CC0 1.0	3729692	gltf,blend,fbx	nature,plants,trees,collection: verdant_trail,tree,natural,nature,green,plant,outdoor,leaf,botany,leaves,forest,bush,jungle,foliage,island,coastal,geometry nodes,trunk,bark
island_tree_02	Island Tree 02	Rob Tuytel, Rico Cilliers	CC0 1.0	1762064	gltf,blend,fbx	nature,plants,trees,tree,natural,nature,green,plant,outdoor,leaf,botany,leaves,forest,bush,jungle,foliage,small,geometry nodes,trunk,bark,island,coastal
island_tree_03	Island Tree 03	Rob Tuytel, Rico Cilliers	CC0 1.0	4760490	gltf,blend,fbx	nature,plants,trees,tree,natural,nature,green,plant,outdoor,leaf,botany,leaves,forest,bush,jungle,foliage,small,geometry nodes,trunk,bark,island,coastal
jacaranda_tree	Jacaranda Tree	Rob Tuytel, Rico Cilliers	CC0 1.0	312356	gltf,blend,fbx	nature,plants,trees,collection: verdant_trail,tree,natural,nature,green,plant,outdoor,leaf,botany,leaves,forest,jungle,foliage,geometry nodes,bark,trunk,jacaranda
jug_01	Jug 01	Kuutti Siitonen	CC0 1.0	5770	gltf,blend,fbx	props,decorative,dishes,containers,ceramic,milk,white,antique,vintage,old,fancy,decorative
katana_stand_01	Katana Stand 01	Rico Cilliers	CC0 1.0	3780	gltf,blend,fbx	props,decorative,katana,stand,wooden,painted,worn,simple,display
kite_shield	Kite Shield	Ulan Cabanilla	CC0 1.0	10306	gltf,blend,fbx	props,collection: the_shed,weapon,shield,war,knight,crusades,old,wooden,metal,shed
korean_fire_extinguisher_01	Korean Fire Extinguisher 01	UM JOORIN	CC0 1.0	9913	gltf,blend,fbx	industrial,props,fire,saftey,fireman,extinguisher,emergency,equipment,red,firefighting,asian,utility,infrastructure
korean_public_payphone_01	Korean Public Payphone 01	UM JOORIN	CC0 1.0	48132	gltf,blend,fbx	props,pay,phone,public,korean,old,utility,infrastructure
ladder_sectioned_01	Ladder Sectioned 01	MP	CC0 1.0	29140	gltf,blend,fbx	industrial,tools,collection: the_shed,scaffolding,foldable,folding,steps,metal,building,construction,workshop,garage,shed
lambis_shell	Lambis Shell	Kuutti Siitonen	CC0 1.0	12498	gltf,blend,fbx	decorative,nature,shell,beach,shore,shoreline,underwater,coral,reef,ocean,sea,marine life,mollusk
lantern_chandelier_01	Lantern Chandelier 01	Kirill Sannikov	CC0 1.0	5971	gltf,blend,fbx	lighting,lighting,old,victorian,metal,antique,ornate,vintage,brass,fancy,ornamental,chandelier,light,indoor light,light fixture
large_castle_door	Large Castle Door	Tina	CC0 1.0	12640	gltf,blend,fbx	structures,buildings,collection: hidden_alley,fort,castle,gate,door,entrance,stronghold,fortified gate,crusades
large_iron_gate	Large Iron Gate	Josh Dean	CC0 1.0	38140	gltf,blend,fbx	structures,buildings,collection: hidden_alley,gate,entrance,drive way,cast iron,iron,stylish,security
lateral_sea_marker	Lateral Sea Marker	James Ray Cock, Kuutti Siitonen	CC0 1.0	13014	gltf,blend,fbx	props,ocean,water,dock,harbor,ship,marker,buoy
leather_cleaner_can	Leather Cleaner Can	James Ray Cock	CC0 1.0	2296	gltf,blend,fbx	props,containers,collection: the_shed,shed,cleaning,workshop,garage,car,leather,storage,spray,can,metal,clutter,leather care,maintenance,automotive,metal can,aerosol,polish
leipoldtia_schultzei	Leipoldtia Schultzei	Jenelle van Heerden	CC0 1.0	654080	gltf,blend,fbx	plants,collection: namaqualand,succulent,wildflower,flower,floral,african,purple,plant,flora,nature
lemon	Lemon	Kuutti Siitonen	CC0 1.0	4012	gltf,blend,fbx	props,food,culinary,cooking,vegetable,vegetables,organic,ingredients,produce
life_jacket	Life Jacket	PierreB3D	CC0 1.0	8968	gltf,blend,fbx	collection: project_lighthouse,props,flotation device,life preserver,ocean,boat,single-seat,fishing,accessories,ship,maritime,harbor,nautical,marine,jetty,wharf,inflatable,water rescue
lifebuoy	Lifebuoy	Hank Kaamura	CC0 1.0	10728	gltf,blend,fbx	collection: project_lighthouse,wall decoration,industrial,weathered,safety,lifering,marine,nautical,flotation device,life preserver
lightbulb_01	Lightbulb 01	Josh Dean	CC0 1.0	4372	gltf,blend,fbx	lighting,collection: the_shed,globe,filament,light,lamp,shed,bulb,illumination,incandescent,coil filament,glass bulb
lightbulb_led	Lightbulb Led	Josh Dean	CC0 1.0	6420	gltf,blend,fbx	electronics,lighting,collection: the_shed,shed,indoor,interrior,globe,light
lion_head	Lion Head	Tina	CC0 1.0	47214	gltf,blend,fbx	decorative,old,wooden,vintage,sculpture,ornament,wildlife,figurine,art,animal
long_life_food	Long Life Food	Mia Pecina Zorko	CC0 1.0	4712	gltf,blend,fbx	collection: project_lighthouse,food,containers,props,groceries,canned beans,carton milk,tinned food,canned tomatoes,sardines
lubricant_spray	Lubricant Spray	James Ray Cock	CC0 1.0	5476	gltf,blend,fbx	props,containers,tools,decorative,collection: the_shed,shed,workshop,metal,garage,cleaning,spray,can,oil,grease,metal can,lubricant,maintenance,machinery,aerosol,clutter,rust prevention
machete	Machete	Ulan Cabanilla	CC0 1.0	3032	gltf,blend,fbx	props,collection: the_shed,weapon,knife,iron,steel,shed,gardening,metal,jungle,blade,sharp,survival,tool,combat
magnifying_glass_01	Magnifying Glass 01	Nazar Borodavka	CC0 1.0	7240	gltf,blend,fbx	props,tools,eye,focal,lense,magnifier,magnifying lens,inspection,optical tool,reading aid
mantel_clock_01	Mantel Clock 01	Yann Kervran, Rico Cilliers	CC0 1.0	29742	gltf,blend,fbx	decorative,appliances,rigged,vintage,antique,old,clock,time,wooden,shelf,mantel,fireplace,ornate
marble_bust_01	Marble Bust 01	Rico Cilliers	CC0 1.0	17456	gltf,blend,fbx	decorative,sculpt,sculpture,statue,art,sandstone,bust,marble,mansion,renaissance,man
measuring_tape_01	Measuring Tape 01	Kuutti Siitonen	CC0 1.0	2868	gltf,blend,fbx	industrial,tools,props,collection: the_shed,tape,ruler,measure,tool,toolbox,woodwork
medical_box	Medical Box	Ulan Cabanilla	CC0 1.0	3718	gltf,blend,fbx	collection: project_lighthouse,props,containers,worn,metal,green,medical,first aid,storage,scratched
medical_tape	Medical Tape	Miroslav Turura	CC0 1.0	1408	gltf,blend,fbx	collection: project_lighthouse,props,industrial,tools,tape,hospital,bandage,tissue-roll,cylindrical roll
metal_detector	Metal Detector	Kuutti Siitonen	CC0 1.0	15518	gltf,blend,fbx	props,electronics,detector,exploration,adventure,treasure,equipment,archaeology,technology
metal_jerrycan	Metal Jerrycan	Sean Buckley	CC0 1.0	20022	gltf,blend,fbx	collection: project_lighthouse,props,containers,old,worn,rusted,petrol,gasoline,gas,fuel,red,metal
metal_jerrycan_green	Metal Jerrycan Green	Ulan Cabanilla	CC0 1.0	9636	gltf,blend,fbx	collection: project_lighthouse,props,containers,old,worn,jerrycan,fuel can,military,petrol,garage,gas,gasoline,used
metal_jug	Metal Jug	Anzor Lezhava	CC0 1.0	6040	gltf,blend,fbx	containers,decorative,vases,milk jug,metal,vase,farmhouse,countryside,kitchen decor,vintage,farmhouse decor,pitcher,rustic
metal_office_desk	Metal Office Desk	Ulan Cabanilla	CC0 1.0	6898	gltf,blend,fbx	collection: project_lighthouse,furniture,table,office,old,vintage,metal,dirty,scratched,industrial,rectangular
metal_stool_01	Metal Stool 01	Ulan Cabanilla	CC0 1.0	8334	gltf,blend,fbx	collection: project_lighthouse,furniture,seating,vintage,antique,old,leather,round,metal,industrial,barstool
metal_stool_02	Metal Stool 02	Ulan Cabanilla	CC0 1.0	6532	gltf,blend,fbx	collection: project_lighthouse,furniture,seating,wooden,metal frame,industrial,small,workshop,round
metal_stool_03	Metal Stool 03	Flo Tasser	CC0 1.0	6576	gltf,blend,fbx	collection: project_lighthouse,furniture,seating,old,metal,barstool,backrest,heavy-duty,weathered,rusted,workshop
metal_tool_chest	Metal Tool Chest	Yann Kervran, John Hutcheson	CC0 1.0	14576	gltf,blend,fbx	props,tools,industrial,containers,rigged,collection: the_shed,old,metal,garage,workshop,storage,shed,worn,mechanics toolbox,rusted,steel,red
metal_toolbox	Metal Toolbox	Mateusz Sadek	CC0 1.0	14228	gltf,blend,fbx	collection: project_lighthouse,containers,tools,industrial,vintage,rustic,garage,workshop,metal,storage,shed,construction,carpentry,tool chest
metal_trash_can	Metal Trash Can	GurJas Studios	CC0 1.0	13960	gltf,blend,fbx	industrial,containers,collection: hidden_alley,bin,rubbish,garbage,disposal,litter,dumpster,outdoor trash can, urban,utility
mid_century_lounge_chair	Mid Century Lounge Chair	Kuutti Siitonen	CC0 1.0	6148	gltf,blend,fbx	furniture,seating,wooden,leather,couch,lounge,architecture,modern,interior design,home decor,living room,comfort,stylish,recliner,retro,classy
modern_arm_chair_01	Modern Arm Chair 01	Vibrant Nordic	CC0 1.0	8916	gltf,blend,fbx	furniture,seating,office,wood,leather,fancy,modern,chair,contemporary,wooden,lounge
modern_ceiling_lamp_01	Modern Ceiling Lamp 01	James Ray Cock	CC0 1.0	5602	gltf,blend,fbx	lighting,lighting,light,modern,glass,round,hanging,hanging lamp,ceiling lamp,decorative lighting,modern decor,interior design
modern_coffee_table_01	Modern Coffee Table 01	Amin	CC0 1.0	4504	gltf,blend,fbx	furniture,table,table,contemporary,modern,rectangular,stone,wood,deco,clean
modern_coffee_table_02	Modern Coffee Table 02	Amin	CC0 1.0	13645	gltf,blend,fbx	furniture,table,contemporary,modern,rectangular,stone,wood,deco,clean
modern_wooden_cabinet	Modern Wooden Cabinet	Patrik Pangerl	CC0 1.0	24976	gltf,blend,fbx	furniture,table,cabinet,wood,modern,minimalist,interrior,living room,contemporary,design
modified_thermos	Modified Thermos	Alex Weber	CC0 1.0	11576	gltf,blend,fbx	collection: project_lighthouse,props,containers,insulated flask,thermos jug,survival gear,camping flask,vintage thermos,used condition
modular_airduct_circular_01	Modular Airduct Circular 01	Riley Queen	CC0 1.0	14280	gltf,blend,fbx	industrial,structures,collection: hidden_alley,vent,aircon,airduct,hvac,modular,pieces,workshop,industrial,warehouse,utility,infrastructure
modular_airduct_rectangular_01	Modular Airduct Rectangular 01	James Ray Cock	CC0 1.0	45090	gltf,blend,fbx	industrial,vent,airduct,modular,pieces,workshop,warehouse,rectangular,metal,airvent,utility,infrastructure
modular_chainlink_fence	Modular Chainlink Fence	James Ray Cock, Amal Kumar	CC0 1.0	89232	gltf,blend,fbx	structures,industrial,buildings,collection: hidden_alley,infrastructure,city,urban,fencing,barrier,security,fencing,boundary,wall,wire
modular_electric_cables	Modular Electric Cables	Kuutti Siitonen	CC0 1.0	42078	gltf,blend,fbx	industrial,wiring,connectors,power supply,components,power,infrastructure,maintenance,junction box,breakers,transformer,circuit,electrical,underground,modular
modular_electricity_poles	Modular Electricity Poles	James Ray Cock	CC0 1.0	200610	gltf,blend,fbx	industrial,structures,collection: hidden_alley,urban,infrastructure,city,road,utility,street,electrical,power,circuit,transformer,junction box,cables
modular_factory_facade	Modular Factory Facade	James Ray Cock	CC0 1.0	175014	gltf,blend,fbx	collection: hidden_alley,structures,buildings,industrial,factory,modular,architecture,warehouse,facade,exterior
modular_fire_escape	Modular Fire Escape	Juniix	CC0 1.0	11322	gltf,blend,fbx	industrial,structures,collection: hidden_alley,modular,pieces,emergency,building,urban,evacuation,safety,fire egress,stairs,utility,infrastructure
modular_fort_01	Modular Fort 01	Rico Cilliers	CC0 1.0	28218	gltf,blend,fbx	structures,buildings,collection: smugglers_cove,fort,modular,old,colonial,castle,wall,ramparts,structure,building,stone,ancient
modular_industrial_pipes_01	Modular Industrial Pipes 01	Jorge Camacho	CC0 1.0	12340	gltf,blend,fbx	industrial,structures,pipes,factory,steam,modular,industrial,utility,infrastructure
modular_metal_gutter	Modular Metal Gutter	Maxim Domnin	CC0 1.0	16490	gltf,blend,fbx	industrial,structures,buildings,collection: hidden_alley,drain,roof,downspout,rainwater,drainage,gutter system,rain gutters,modular,utility,infrastructure
modular_pipes	Modular Pipes	Kuutti Siitonen	CC0 1.0	47428	gltf,blend,fbx	industrial,structures,construction,piping,plumbing,infrastructure,metal,plastic,rusted,water supply,drainage,maintenance,engineering,utility,underground,sewer,drain
modular_pipes_plastic_01	Modular Pipes Plastic 01	Amal Kumar	CC0 1.0	49708	gltf,blend,fbx	industrial,structures,collection: the_shed,pipes,garden,shed,modular,cable,valve,tap,outdoor,water,irrigation,greenhouse,farm,farmhouse,utility,infrastructure
modular_street_seating	Modular Street Seating	Stuart Attenborrow	CC0 1.0	25156	gltf,blend,fbx	furniture,seating,collection: hidden_alley,chair,outdoor,urban,cityscape,contemporary,bench,city,infrastructure
modular_urban_apartments_facade	Modular Urban Apartments Facade	James Ray Cock	CC0 1.0	118215	gltf,blend,fbx	collection: hidden_alley,structures,buildings,building,urban,modular,contemporary,apartments,city,home,house,architecture,residential
modular_wooden_pier	Modular Wooden Pier	Rico Cilliers	CC0 1.0	84780	gltf,blend,fbx	structures,collection: smugglers_cove,old,wooden,wood,pier,ship,maritime,sea,water,ocean,worn,structure,scaffolding,dock,jetty,landing,wharf,mossy,modular
moon_rock_01	Moon Rock 01	Greg Zaal, Rico Cilliers, Jenelle van Heerden, Dario Barresi	CC0 1.0	18668	gltf,blend,fbx	rocks,collection: moon,nature,rough texture,lunar,dirty,regolith,dusted,space,extraterrestrial
moon_rock_02	Moon Rock 02	Rico Cilliers, Greg Zaal, Jenelle van Heerden	CC0 1.0	6194	gltf,blend,fbx	rocks,collection: moon,nature,rough texture,lunar,dirty,regolith,dusted,extraterrestrial,space
moon_rock_03	Moon Rock 03	Greg Zaal, Rico Cilliers, Jenelle van Heerden	CC0 1.0	10492	gltf,blend,fbx	rocks,collection: moon,nature,rough texture,lunar,dirty,regolith,dusted,space,extraterrestrial
moon_rock_04	Moon Rock 04	Greg Zaal, Rico Cilliers, Jenelle van Heerden	CC0 1.0	14316	gltf,blend,fbx	rocks,collection: moon,nature,rough texture,lunar,dirty,regolith,dusted,extraterrestrial,space
moon_rock_05	Moon Rock 05	Greg Zaal, Rico Cilliers, Jenelle van Heerden	CC0 1.0	18466	gltf,blend,fbx	rocks,collection: moon,nature,rough texture,lunar,dirty,regolith,dusted,extraterrestrial,space
moon_rock_06	Moon Rock 06	Greg Zaal, Jenelle van Heerden, Rico Cilliers	CC0 1.0	12974	gltf,blend,fbx	rocks,collection: moon,nature,rough texture,lunar,dirty,regolith,dusted,extraterrestrial,space
moon_rock_07	Moon Rock 07	Greg Zaal, Rico Cilliers, Jenelle van Heerden	CC0 1.0	12786	gltf,blend,fbx	rocks,collection: moon,nature,rough texture,lunar,dirty,regolith,dusted,extraterrestrial,space
moss_01	Moss 01	Rob Tuytel	CC0 1.0	246170	gltf,blend,fbx	nature,plants,ground cover,collection: pine_forest,moss,ground cover,forest,woodland,foliage,nature,plant,natural,botany,small,geometry nodes,outdoor,undergrowth,vegetation,shrubs
mountainside	Mountainside	Dario Barresi, Rico Cilliers	CC0 1.0	287755	gltf,blend,fbx	nature,rocks,collection: verdant_trail,cliff,rock face,formation,landscape,geology,rock,weathered,lichen,rocky surface,boulder,terrain,mountain
mounted_fluorescent_lights	Mounted Fluorescent Lights	Ulan Cabanilla	CC0 1.0	17820	gltf,blend,fbx	collection: project_lighthouse,lighting,industrial,workshop,fluorescent_tube,utility_lighting,garage_light,workshop_light,shed,garage
mousetrap	Mousetrap	GreenPixel	CC0 1.0	5136	gltf,blend,fbx	props,wood,old,trap,rat,mouse,catcher,pest control,rodent,animal,springloaded,vermin,snap,cheese,spring,bait
multi_cleaner_5_litre	Multi Cleaner 5 Litre	James Ray Cock	CC0 1.0	4332	gltf,blend,fbx	props,containers,industrial,collection: the_shed,shed,storage,cleaning,plastic,bottle,dirty,cleaner,multipurpose,household,cleaning supplies,janitorial,sanitation,gallon,allpurpose
multi_cleaner_bottle	Multi Cleaner Bottle	James Ray Cock	CC0 1.0	6792	gltf,blend,fbx	containers,props,collection: the_shed,shed,cleaning,garage,storage,plastic,bottle,workshop,clutter,cleaning supplies,janitorial,sanitation,plastic containers,multipurpose,allpurpose,household
namaqualand_boulder_02	Namaqualand Boulder 02	Greg Zaal, Rico Cilliers	CC0 1.0	183681	gltf,blend,fbx	nature,rocks,collection: namaqualand,karoo,desert,south africa,boulders,rocks,geological,rock,landscaping
namaqualand_boulder_03	Namaqualand Boulder 03	Jenelle van Heerden, Dario Barresi	CC0 1.0	121546	gltf,blend,fbx	nature,rocks,collection: namaqualand,karoo,south africa,desert,boulder,rock,rough,brown,geological,landscaping,stone
namaqualand_boulder_04	Namaqualand Boulder 04	Jenelle van Heerden	CC0 1.0	110746	gltf,blend,fbx	nature,rocks,collection: namaqualand,karoo,south africa,desert,boulder,rock,brown,geological,landscaping
namaqualand_boulder_05	Namaqualand Boulder 05	Jenelle van Heerden, Dario Barresi	CC0 1.0	117622	gltf,blend,fbx	collection: namaqualand,nature,rocks,karoo,desert,dry,south africa,rock,rocks,formation,geological,boulder
namaqualand_boulder_06	Namaqualand Boulder 06	Greg Zaal, Jenelle van Heerden	CC0 1.0	204584	gltf,blend,fbx	nature,rocks,collection: namaqualand,karoo,south africa,desert,boulder,rock,brown,geological,landscaping,rough
namaqualand_boulders_01	Namaqualand Boulders 01	Greg Zaal, Jenelle van Heerden	CC0 1.0	76590	gltf,blend,fbx	nature,rocks,collection: namaqualand,south africa,karoo,desert,boulder,rock,brown,geological,landscaping,rough
namaqualand_cliff_01	Namaqualand Cliff 01	Jenelle van Heerden, Rico Cilliers	CC0 1.0	176938	gltf,blend,fbx	nature,rocks,collection: namaqualand,south africa,karoo,desert,boulders,rock,rock formation,cliff side,cliff,eroded cliffs,nature scene,rock face,rock wall
namaqualand_cliff_02	Namaqualand Cliff 02	Dario Barresi, Rico Cilliers	CC0 1.0	363896	gltf,blend,fbx	nature,rocks,collection: namaqualand,karoo,south africa,desert,boulders,rock face,rock,cliff side,cliff,eroded cliff,rock wall,weathered rock,rock outcrop,rock formation,boulder,boulder formation
namaqualand_rocks_01	Namaqualand Rocks 01	Greg Zaal, Jenelle van Heerden	CC0 1.0	160716	gltf,blend,fbx	nature,rocks,collection: namaqualand,karoo,south africa,quartz,desert,geological,stones,rocks
namaqualand_stones_01	Namaqualand Stones 01	Greg Zaal, Jenelle van Heerden	CC0 1.0	106602	gltf,blend,fbx	nature,rocks,collection: namaqualand,karoo,south africa,quartz,desert,geological,mineral,stones,rocks
nettle_plant	Nettle Plant	Rob Tuytel, Rico Cilliers	CC0 1.0	46195	gltf,blend,fbx	nature,plants,ground cover,collection: the_shed,nettle,plant,green,nature,shrub,outdoor,leaf,bush,botany,leaves,forest,jungle,foliage,field,meadow,natural,floral
ocean_buoy	Ocean Buoy	Mateusz Sadek	CC0 1.0	12240	gltf,blend,fbx	collection: project_lighthouse,props,marine buoy,light beacon,maritime,ship,dock,jetty,sea,ocean,pier,harbor,nautical,channel marker,offshore marker,marine navigation
office_notepads	Office Notepads	Ulan Cabanilla	CC0 1.0	666	gltf,blend,fbx	collection: project_lighthouse,props,office,stationery,notepad,lined paper,blank paper,art supplies,office,admin,sticky notes,filing,writing,business
oil_tin	Oil Tin	Niklas	CC0 1.0	2834	gltf,blend,fbx	containers,props,industrial,collection: project_lighthouse,old,worn,rusted,metal,rectangular,fuel,storage
old_bed_frame	Old Bed Frame	Luca B	CC0 1.0	49990	gltf,blend,fbx	collection: project_lighthouse,bed,furniture,rusty,metal,bedroom,vintage,antique,hospital,traditional
old_drill_press	Old Drill Press	Harsh Vardhan Singh	CC0 1.0	21842	gltf,blend,fbx	collection: project_lighthouse,tools,industrial,metal,workshop,garage,bench drill,stand,power cable
old_gas_mask	Old Gas Mask	Michał Wiśniewski	CC0 1.0	18900	gltf,blend,fbx	collection: project_lighthouse,props,industrial,tools,vintage,respirator,antique,airfilter,warfare,chemical,gasmask,postapocalyptic
old_military_compressor	Old Military Compressor	Brian Speight	CC0 1.0	79042	gltf,blend,fbx	collection: project_lighthouse,industrial,tools,cart,tank,garage,workshop,construction,automotive,maintenance
old_military_crate	Old Military Crate	Jack Mava	CC0 1.0	10476	gltf,blend,fbx	collection: project_lighthouse,containers,props,ammunition crate,military supply crate,hand-painted symbol,transport container,wooden,vintage,worn,military,army,weapon
old_tyre	Old Tyre	MP	CC0 1.0	2880	gltf,blend,fbx	industrial,props,collection: hidden_alley,wheels,wheel,trash,garbage,garage,scrapyard,junkyard,abandoned,automotive,car,vehicle
ornate_medieval_dagger	Ornate Medieval Dagger	Sofia Pahaoja	CC0 1.0	6290	gltf,blend,fbx	props,weapon,blade,knife,combat,sharp,detailed,silver,medieval
ornate_medieval_mace	Ornate Medieval Mace	Ulan Cabanilla	CC0 1.0	14762	gltf,blend,fbx	props,weapon,fantasy,battle,combat,knight,iron,seige,war,steel,crusades,silver,medieval
ornate_mirror_01	Ornate Mirror 01	James Ray Cock	CC0 1.0	14246	gltf,blend,fbx	decorative,wall decoration,furniture,decor,decoration,ornate,fancy,wealthy,mansion,manor,vintage,victorian,floral,gold,mirror
ornate_war_hammer	Ornate War Hammer	James Ray Cock, Ulan Cabanilla	CC0 1.0	5192	gltf,blend,fbx	props,weapon,fantasy,battle,combat,knight,medieval,iron,seige,war,steel,crusades,silver,historic
othonna_cerarioides	Othonna Cerarioides	James Ray Cock, Jenelle van Heerden	CC0 1.0	651641	gltf,blend,fbx	nature,plants,trees,collection: namaqualand,karoo,south africa,succulent,bush,shrub,botany,green,leaf
outdoor_table_chair_set_01	Outdoor Table Chair Set 01	James Ray Cock	CC0 1.0	9828	gltf,blend,fbx	furniture,seating,outdoor,foldable,folding,seating,coffee,diner,street,urban,deli,wood,city,cafe
overhead_crane	Overhead Crane	Timothy3D	CC0 1.0	89964	gltf,blend,fbx	collection: project_lighthouse,industrial,tools,gantry,machinery,shipyard,dock,transport container,hoist,wheels,winch,pully
pachira_aquatica_01	Pachira Aquatica 01	Rob Tuytel, Rico Cilliers	CC0 1.0	76914	gltf,blend,fbx	plants,nature,collection: smugglers_cove,nature,plant,shrub,leaves,forest,jungle,outdoor,bush,green,leaf,botany
painted_wooden_bench	Painted Wooden Bench	Kirill Sannikov	CC0 1.0	630	gltf,blend,fbx	furniture,seating,vintage,old,wooden,worn,antique,farmhouse,aged,rustic,small,seat,stool
painted_wooden_cabinet	Painted Wooden Cabinet	Kirill Sannikov	CC0 1.0	2227	gltf,blend,fbx	furniture,shelves,old,worn,antique,wooden,vintage,colonial,farmhouse,storage,aged,rustic,weathered
painted_wooden_cabinet_02	Painted Wooden Cabinet 02	Kirill Sannikov	CC0 1.0	966	gltf,blend,fbx	furniture,shelves,storage,cabinet,wood,vintage,rustic,worn,carpentry,aged,bookcase
painted_wooden_chair_01	Painted Wooden Chair 01	Kuutti Siitonen	CC0 1.0	724	gltf,blend,fbx	furniture,seating,chair,wood,painted,farmhouse,dining,diner,american,kitchen
painted_wooden_chair_02	Painted Wooden Chair 02	Kirill Sannikov	CC0 1.0	1246	gltf,blend,fbx	furniture,seating,old,wooden,vintage,antique,farmhouse,seat,dining,chair
painted_wooden_nightstand	Painted Wooden Nightstand	Kirill Sannikov	CC0 1.0	470	gltf,blend,fbx	furniture,table,old,wooden,worn,vintage,antique,aged,bedside,bedroom,night,table
painted_wooden_shelves	Painted Wooden Shelves	Kirill Sannikov	CC0 1.0	524	gltf,blend,fbx	furniture,shelves,old,wooden,worn,vintage,farmhouse,aged
painted_wooden_sofa	Painted Wooden Sofa	Kirill Sannikov	CC0 1.0	5826	gltf,blend,fbx	furniture,seating,chair,outdoor,couch,wooden,vintage,aged
painted_wooden_stool	Painted Wooden Stool	Kirill Sannikov	CC0 1.0	676	gltf,blend,fbx	seating,furniture,painted,worn,old,antique,vintage,farmhouse,rustic,carpentry,aged,chair
painted_wooden_table	Painted Wooden Table	Kirill Sannikov	CC0 1.0	600	gltf,blend,fbx	furniture,table,old,wooden,vintage,farmhouse,aged,worn,carpentry
pastic_torch_6v	Pastic Torch 6v	James Cocks	CC0 1.0	4352	gltf,blend,fbx	collection: project_lighthouse,lighting,tools,electronics,props,plastic,lighting,flashlight,spotlight
periwinkle_plant	Periwinkle Plant	Amal Kumar	CC0 1.0	67388	gltf,blend,fbx	nature,ground cover,plants,flowers,small flowers,shrub,bush,spring,botanical,garden plant,foliage,leaf,leaves,meadow,wildflower
picke_dirty_01	Picke Dirty 01	Dennis Halbeck	CC0 1.0	6196	gltf,blend,fbx	props,tools,collection: the_shed,old,vintage,wood,wooden,worn,farmhouse,metal,workshop,shed,garage,digging,mining,mine,gardening,garden
pine_roots	Pine Roots	Rob Tuytel	CC0 1.0	162693	gltf,blend,fbx	plants,nature,ground cover,collection: pine_forest,pine,roots,tree,forest,needles,leaf,nature,natural,plant,jungle,foliage,outdoor,branches,dry,dead,ground,dirt,woodland
pine_sapling_medium	Pine Sapling Medium	Rob Tuytel, Rico Cilliers	CC0 1.0	9784670	gltf,blend,fbx	nature,plants,trees,collection: pine_forest,woodland,needles,pine,tree,sapling,branches,environment,coniferous,plants,trunk,bark,geometry nodes,foliage,natural,evergreen,twig,forest,vegetation,forest floor
pine_sapling_small	Pine Sapling Small	Rob Tuytel, Rico Cilliers	CC0 1.0	398144	gltf,blend,fbx	nature,plants,trees,collection: pine_forest,needles,tree,pine,woodland,branches,environment,coniferous,plants,sapling,trunk,bark,foliage,natural,forest,vegetation,evergreen,forest floor
pine_tree_01	Pine Tree 01	Rob Tuytel, Rico Cilliers	CC0 1.0	17427094	gltf,blend,fbx	nature,plants,trees,collection: pine_forest,pine,tree,needles,branches,woodland,coniferous,plants,geometry nodes,foliage,natural,trunk,bark,environment,vegetation,evergreen,forest
pipe_wrench	Pipe Wrench	Will Evarts	CC0 1.0	10746	gltf,blend,fbx	industrial,tools,collection: hidden_alley,wrench,garage,workshop,construction,plumbing,automotive,used,mechanics toolbox,hardware,adjustable wrench,monkey wrench,spanner
planter_box_01	Planter Box 01	James Ray Cock	CC0 1.0	8094	gltf,blend,fbx	decorative,containers,potted plants,collection: the_shed,old,wooden,wood,farmhouse,shed,outdoor,gardening,greenhouse,landscaping,garden,farm,planter,flower box,planters
planter_box_02	Planter Box 02	James Ray Cock	CC0 1.0	10944	gltf,blend,fbx	containers,decorative,potted plants,collection: the_shed,old,wooden,wood,worn,shed,outdoor,gardening,farm,greenhouse,landscaping,farmhouse,garden,flower box,planters
planter_box_03	Planter Box 03	James Ray Cock	CC0 1.0	13112	gltf,blend,fbx	containers,decorative,potted plants,collection: the_shed,old,wooden,wood,shed,farm,gardening,landscaping,garden,greenhouse,planters,farmhouse,outdoor,flower box
planter_pot_clay	Planter Pot Clay	Amal Kumar	CC0 1.0	3080	gltf,blend,fbx	containers,vases,collection: the_shed,outdoor,mossy,dirty,used,worn,shed,garden,gardening,farmhouse,greenhouse,landscaping
plastic_bottle_gallon	Plastic Bottle Gallon	Rahul Chaudhary	CC0 1.0	13728	gltf,blend,fbx	containers,collection: the_shed,rubbish,dirty,shed,outdoor,trash,clutter,garage,old,plastic,carton,milk
plastic_broom	Plastic Broom	L	CC0 1.0	18736	gltf,blend,fbx	collection: project_lighthouse,props,tools,cleaning,janitorial,red,housekeeping
plastic_container	Plastic Container	PierreB3D	CC0 1.0	4070	gltf,blend,fbx	collection: project_lighthouse,props,containers,storage bin,rectangular bin,storage,box,crate,stackable
plastic_crate_01	Plastic Crate 01	PierreB3D	CC0 1.0	18320	gltf,blend,fbx	collection: project_lighthouse,props,containers,beverage crate,milk crate,storage,crate,box,garage,workshop,retail
plastic_crate_02	Plastic Crate 02	Fabi_G	CC0 1.0	5840	gltf,blend,fbx	collection: project_lighthouse,props,containers,plastic,crate,stackable,industrial,storage,utility,warehouse,retail,storage bin
plastic_crate_03	Plastic Crate 03	Pacific Penguin	CC0 1.0	21740	gltf,blend,fbx	collection: project_lighthouse,containers,industrial,plastic,crate,stackable,crate,aged,sun damaged,storage,distressed,rectangular bin
plastic_jerrycan	Plastic Jerrycan	Ulan Cabanilla	CC0 1.0	7348	gltf,blend,fbx	collection: project_lighthouse,props,containers,dirty,worn,plastic,fuel,petrol,gasoline,gas,red
plastic_monobloc_chair_01	Plastic Monobloc Chair 01	Kuutti Siitonen	CC0 1.0	3356	gltf,blend,fbx	furniture,seating,collection: the_shed,plastic,dirty,old,monobloc,outdoor,cheap,shed
plastic_thermos	Plastic Thermos	PierreB3D	CC0 1.0	5514	gltf,blend,fbx	collection: project_lighthouse,props,containers,clean,green,70s,plastic,vintage,flask
pliers	Pliers	PierreB3D	CC0 1.0	4540	gltf,blend,fbx	collection: project_lighthouse,tools,props,industrial,rusted,plastic,metal,combination pliers,wire cutters,hand tool
plunger	Plunger	James Ray Cock	CC0 1.0	3278	gltf,blend,fbx	tools,bathroom,garage,cleaning,cleaning supplies,janitorial,sanitation,toilet,plumbing,pipe cleaner,plumber
pocket_watch	Pocket Watch	PierreB3D	CC0 1.0	15615	gltf,blend,fbx	collection: project_lighthouse,props,antique,brass,ornate,gold,vintage,watch,timepiece,watchface,time
portable_cassette_player	Portable Cassette Player	Mateusz Sadek	CC0 1.0	13307	gltf,blend,fbx	collection: project_lighthouse,props,electronics,old,vintage,cassette tape,tape,retro,analog,walkman
portable_generator	Portable Generator	James Ray Cock	CC0 1.0	26419	gltf,blend,fbx	industrial,appliances,collection: project_lighthouse,gasoline,backup power,construction equipment,power generator,petrol,garage,power,engine
portable_searchlight	Portable Searchlight	Elijah Cragg	CC0 1.0	18802	gltf,blend,fbx	collection: project_lighthouse,lighting,electronics,tools,props,flashlight,searchlight,plastic,lighting
portable_welding_cart	Portable Welding Cart	Georgii Gorbunov	CC0 1.0	29418	gltf,blend,fbx	collection: project_lighthouse,industrial,containers,fuel,welding,cart,gas torch,oxygen tank,acetylene tank,hand truck,cylinder,hoses
postcard_set_01	Postcard Set 01	James Ray Cock, Jurita Burger	CC0 1.0	2720	gltf,blend,fbx	props,scatter,paper,cards,notes,travel,post,mail,card,tour
pot_enamel_01	Pot Enamel 01	Kuutti Siitonen	CC0 1.0	11416	gltf,blend,fbx	props,decorative,dishes,pot,container,cooking,cookware,kitchen,enamel,crockery,cuisine
potted_plant_01	Potted Plant 01	Rico Cilliers	CC0 1.0	96030	gltf,blend,fbx	decorative,plants,potted plants,nature,potplant,plant,terracotta,pot,vase,medium,leaf,green
potted_plant_02	Potted Plant 02	Rico Cilliers	CC0 1.0	69806	gltf,blend,fbx	decorative,plants,potted plants,nature,potplant,plant,pot,vase,medium,leaf,green,terracotta
potted_plant_04	Potted Plant 04	James Ray Cock	CC0 1.0	6097	gltf,blend,fbx	decorative,plants,potted plants,succulent,nature,cactus,aloe,succulent,potplant,small,pot,plant,decor
power_box_01	Power Box 01	Rico Cilliers, Yann Kervran	CC0 1.0	21272	gltf,blend,fbx	industrial,props,electronics,tools,rigged,collection: the_shed,box,electrical,power,wiring,db board,circuit,breakers,board,switch,prop,modern,damaged,utility,infrastructure
projector_screen	Projector Screen	PeterM	CC0 1.0	8727	gltf,blend,fbx	collection: project_lighthouse,office,tripod,film,presentation,projection,roll-up,conference
propane_tank	Propane Tank	Slinc	CC0 1.0	5238	gltf,blend,fbx	collection: project_lighthouse,props,industrial,worn,metal,red barrel,scratched,cylinder,lpg,fuel
propane_torch	Propane Torch	Jan W	CC0 1.0	4848	gltf,blend,fbx	collection: project_lighthouse,props,tools,garage,workshop,maintenance,propane torch,gas torch,welding,automotive,repair shop,construction,industrial
propane_torch_02	Propane Torch 02	Divine	CC0 1.0	2960	gltf,blend,fbx	collection: project_lighthouse,industrial,tools,props,fuel,garage,workshop,maintenance,gas torch,automotive,repair shop,construction
pull_chain_light_socket	Pull Chain Light Socket	Josh Dean	CC0 1.0	10902	gltf,blend,fbx	lighting,collection: hidden_alley,light,fitting,socket,bulb,fixture,ceiling,lamp,chord
quiver_tree_01	Quiver Tree 01	James Ray Cock, Dario Barresi, Rico Cilliers	CC0 1.0	269522	gltf,blend,fbx	nature,plants,trees,collection: namaqualand,karoo,south africa,desert,succulent,aloe
quiver_tree_02	Quiver Tree 02	Dario Barresi, Rico Cilliers	CC0 1.0	153887	gltf,blend,fbx	nature,trees,plants,collection: namaqualand,south africa,karoo,succulent,aloe
ratchet_wrench	Ratchet Wrench	John Hutcheson	CC0 1.0	8796	gltf,blend,fbx	props,tools,industrial,collection: the_shed,rigged,metal,shed,workshop,construction,garage,mechanic,wrench,nuts,bolts
retro_multimeter	Retro Multimeter	elli moeller	CC0 1.0	13356	gltf,blend,fbx	collection: project_lighthouse,electronics,industrial,tools,instrument,props,old,vintage,antique,analog,engineering,voltmeter,ammeter
rock_07	Rock 07	Jenelle van Heerden	CC0 1.0	27830	gltf,blend,fbx	rocks,nature,collection: verdant_trail,rock,stones,landscape,geology,formation,weathered,boulder
rock_09	Rock 09	Jenelle van Heerden	CC0 1.0	23280	gltf,blend,fbx	nature,rocks,collection: verdant_trail,rock,landscape,geology,formation,weathered,stone,dirt,boulder,terrain
rock_face_01	Rock Face 01	Dario Barresi	CC0 1.0	20174	gltf,blend,fbx	rocks,nature,collection: verdant_trail,cliff,landscape,rock face,rock,formation,geology,weathered,lichen,rugged,outdoors,rocky surface,environment,natural
rock_face_02	Rock Face 02	Dario Barresi, Rico Cilliers	CC0 1.0	29566	gltf,blend,fbx	rocks,nature,collection: verdant_trail,cliff,landscape,rock face,rock,formation,geology,rocks,weathered,lichen,rugged,outdoors,natural,environment,rocky surface
rock_moss_set_01	Rock Moss Set 01	Kless Gyzen	CC0 1.0	63127	gltf,blend,fbx	rocks,nature,collection: pine_forest,rocks,outdoor,stones,pebbles,rock,dirt
rock_moss_set_02	Rock Moss Set 02	Kless Gyzen	CC0 1.0	57647	gltf,blend,fbx	rocks,nature,collection: pine_forest,rocks,outdoor,stones,pebbles,rock,dirt
rollershutter_door	Rollershutter Door	MP	CC0 1.0	1104	gltf,blend,fbx	structures,industrial,buildings,collection: hidden_alley,urban,security shutter,garage door,shutter door,warehouse door,commercial,roller garage door
rollershutter_window_01	Rollershutter Window 01	MP	CC0 1.0	1104	gltf,blend,fbx	structures,industrial,buildings,collection: hidden_alley,urban,security,commercial,shutters,garage door,security shutter,warehouse door,roller garage door
rollershutter_window_02	Rollershutter Window 02	MP	CC0 1.0	1120	gltf,blend,fbx	industrial,structures,buildings,collection: hidden_alley,urban,security shutter,garage door,roller garage door,commercial,warehouse door
rollershutter_window_03	Rollershutter Window 03	MP	CC0 1.0	1120	gltf,blend,fbx	industrial,buildings,structures,collection: hidden_alley,roller garage door,shutter door,security shutter,warehouse door,shutters,garage door
root_cluster_01	Root Cluster 01	Jenelle van Heerden, Rico Cilliers	CC0 1.0	225261	gltf,blend,fbx	nature,collection: verdant_trail,plants,ground cover,root,tree,forest,foliage,bark,nature,plant,leaves,environment
root_cluster_02	Root Cluster 02	Jenelle van Heerden	CC0 1.0	339641	gltf,blend,fbx	collection: verdant_trail,nature,ground cover,roots,dead tree,forest,nature,natural,plant,ground,forest floor
round_spectacles	Round Spectacles	Sean Buckley	CC0 1.0	11810	gltf,blend,fbx	collection: project_lighthouse,props,vintage,round frame,retro,eyewear,accessories,glasses
round_wooden_table_01	Round Wooden Table 01	Ulan Cabanilla	CC0 1.0	8640	gltf,blend,fbx	furniture,table,vintage,wooden,wood,polish,circle,dark,old
round_wooden_table_02	Round Wooden Table 02	Ulan Cabanilla	CC0 1.0	4254	gltf,blend,fbx	furniture,table,antique,vintage,wooden,traditional,circle,lounge,dining
rubber_boots	Rubber Boots	L	CC0 1.0	35004	gltf,blend,fbx	collection: project_lighthouse,props,clothing,shoes,outdoor,waterproof,wellies,rubber,workwear,utility,garden,greenhouse,gardening,landscaping
rubber_duck_toy	Rubber Duck Toy	Plat251	CC0 1.0	4288	gltf,blend,fbx	props,decorative,collection: the_shed,shed,toy,bathroom,child,home,fun,kids,play,float,plastic,cute,animal
russian_food_cans_01	Russian Food Cans 01	Kosan Aziz	CC0 1.0	1348	gltf,blend,fbx	containers,props,food,russian,food,culinary,cooking,pantry,tuna,can
rusted_hacksaw	Rusted Hacksaw	Dabou Master	CC0 1.0	6546	gltf,blend,fbx	collection: project_lighthouse,tools,props,rusted,corroded,weathered,metal,saw,woodwork
rusted_spade_01	Rusted Spade 01	Blemonade	CC0 1.0	11436	gltf,blend,fbx	tools,props,collection: the_shed,wood,old,vintage,wooden,worn,colonial,farmhouse,spade,digging,garden,gardening,workshop,shed,greenhouse,farm
rusted_wheel_rim_01	Rusted Wheel Rim 01	John Hutcheson	CC0 1.0	16440	gltf,blend,fbx	industrial,props,collection: hidden_alley,car,vehicle,old,junkyard,scrapyard,trash
rusted_wheel_rim_02	Rusted Wheel Rim 02	John Hutcheson	CC0 1.0	15256	gltf,blend,fbx	industrial,props,collection: hidden_alley,car,vehicle,old,junkyard,scrapyard,trash
sand_rocks_small_01	Sand Rocks Small 01	Rob Tuytel, Rico Cilliers	CC0 1.0	1386500	gltf,blend,fbx	nature,rocks,collection: smugglers_cove,collection: verdant_trail,sand,rocks,seaside,shore,stones,pebbles,shoreline,coastal,beach,landscape,geology,rock
scandinavian_masonry_heater	Scandinavian Masonry Heater	Kuutti Siitonen	CC0 1.0	9350	gltf,blend,fbx	appliances,heater,home heating,furnace,fireplace,wood stove,central heating
screwdriver	Screwdriver	PierreB3D	CC0 1.0	3412	gltf,blend,fbx	collection: project_lighthouse,tools,props,flathead,slotted,worn,red,aged,dirty,hand tool
screwdrivers_02	Screwdrivers 02	BKS	CC0 1.0	3548	gltf,blend,fbx	collection: project_lighthouse,tools,props,vintage,flathead,phillips,wooden-handle,metal,antique,old
seadogs_compass	Seadogs Compass	Benny Weimer	CC0 1.0	11645	gltf,blend,fbx	props,tools,decorative,collection: project_lighthouse,old,vintage,antique,brass,nautical,compass,maritime,ship,navigation,pirates,sail
searsia_burchellii	Searsia Burchellii	James Ray Cock, Jenelle van Heerden	CC0 1.0	1427042	gltf,blend,fbx	nature,trees,collection: namaqualand,karoo,bush,shrub,large,dry,south africa
searsia_lucida	Searsia Lucida	James Ray Cock, Jenelle van Heerden	CC0 1.0	841648	gltf,blend,fbx	nature,plants,trees,collection: namaqualand,karoo,bush,shrub,dry,stick,botany,south africa
security_camera_01	Security Camera 01	Alexander Otterbeck, Yann Kervran	CC0 1.0	13571	gltf,blend,fbx	electronics,appliances,industrial,rigged,collection: hidden_alley,cctv,surveillance,monitoring,police,security,camera,utility,infrastructure
security_camera_02	Security Camera 02	Garrison Gager, Yann Kervran	CC0 1.0	12477	gltf,blend,fbx	industrial,electronics,appliances,rigged,collection: hidden_alley,camera,surveillance,monitoring,cctv,police,security,utility,infrastructure
security_light	Security Light	Maximilian Schuster	CC0 1.0	4668	gltf,blend,fbx	lighting,industrial,collection: hidden_alley,outdoor,exterior,alleyway,entrance,infrastructure
seeding_tray_01	Seedling Tray 01	Satyaki Mandal	CC0 1.0	8334	gltf,blend,fbx	containers,collection: the_shed,outdoor,nature,plant,shed,greenhouse,gardening,landscaping,garden,farm
service_pistol	Service Pistol	Mateusz Sadek	CC0 1.0	27548	gltf,blend,fbx	collection: project_lighthouse,props,weapons,firearms,vintage,semi-automatic,metal,cold war,bullet,gun,handgun
ship_pinnace	Ship Pinnace	James Ray Cock, Rico Cilliers, Nicolò Zubbini, Yann Kervran	CC0 1.0	183837	gltf,blend,fbx	ships,rigged,collection: smugglers_cove,old,wooden,wood,colonial,maritime,ship,boat,ocean,sea,pirates,commercial,sail
shrub_01	Shrub 01	Rico Cilliers	CC0 1.0	282224	gltf,blend,fbx	nature,plants,ground cover,flowers,collection: verdant_trail,plant,foliage,nature,forest,leaf,botany,green,leaves,bush,shrub,small,meadow,flower,floral,ground cover,garden,environment,ageratina adenophora
shrub_02	Shrub 02	Rico Cilliers	CC0 1.0	52317	gltf,blend,fbx	nature,plants,ground cover,collection: verdant_trail,sapling,vegetation,environment,ground cover,foliage,forest,leaves,bush,jungle,nature,leaf,plant,green
shrub_03	Shrub 03	Rico Cilliers	CC0 1.0	16955	gltf,blend,fbx	nature,plants,ground cover,collection: verdant_trail,meadow,field,shrub,botany,green,nature,plant,leaf,bush,foliage,small,ground cover,undergrowth,garden,flora,environment,vegetation
shrub_04	Shrub 04	Rico Cilliers	CC0 1.0	47813	gltf,blend,fbx	nature,plants,ground cover,collection: verdant_trail,plant,shrub,bush,nature,green,leaf,foliage,ground cover,vegetation,undergrowth
shrub_sorrel_01	Shrub Sorrel 01	Rico Cilliers	CC0 1.0	3319	gltf,blend,fbx	plants,flowers,nature,collection: smugglers_cove,nature,sorrel,potplant,bush,shrub,leaf,leaves,green,small,forest,field,floral,flower
side_table_01	Side Table 01	James Ray Cock	CC0 1.0	2756	gltf,blend,fbx	furniture,table,table,wood,minimalist,modern,decor,living room,bedroom,shelf,contemporary,interior,home,wooden
side_table_tall_01	Side Table Tall 01	James Ray Cock	CC0 1.0	6408	gltf,blend,fbx	furniture,table,vintage,antique,worn,old,wood,side table,side,table
signal_flashlight	Signal Flashlight	Jiří Ptáček	CC0 1.0	9730	gltf,blend,fbx	collection: project_lighthouse,props,electronics,handheld,light,torch,signal device,portable beacon,emergency signal,vintage
single_root	Single Root	Jenelle van Heerden	CC0 1.0	114424	gltf,blend,fbx	nature,plants,ground cover,collection: verdant_trail,roots,tree,forest,natural,nature,leaf,plant,foliage,bark,forest floor,environment,woodland
sledgehammer_01	Sledgehammer 01	Dylan Guzman	CC0 1.0	2596	gltf,blend,fbx	props,tools,industrial,collection: the_shed,outdoor,construction,hammer,nails,heavy,shed
small_lpg_tank	Small Lpg Tank	Ulan Cabanilla	CC0 1.0	15042	gltf,blend,fbx	collection: project_lighthouse,props,industrial,worn,metal,red barrel,scratched,cylinder,lpg,fuel,propane
small_oil_can_01	Small Oil Can 01	Raven van de Werken	CC0 1.0	16746	gltf,blend,fbx	industrial,tools,props,collection: the_shed,oil,fuel,can,dropper,mechanic,tools,repair
small_plastic_torch	Small Plastic Torch	Abiyyu Panggalih (Abiyyu_xyz)	CC0 1.0	13252	gltf,blend,fbx	collection: project_lighthouse,tools,props,vintage,old,worn,plastic,flashlight
small_wooden_table_01	Small Wooden Table 01	Ulan Cabanilla	CC0 1.0	3410	gltf,blend,fbx	furniture,table,vintage,wood,small,table,wooden
sofa_02	Sofa 02	Kirill Sannikov	CC0 1.0	2728	gltf,blend,fbx	furniture,seating,wood,furniture,chair,prop,couch,leather,fabric
sofa_03	Sofa 03	Fran Calvente	CC0 1.0	8004	gltf,blend,fbx	furniture,seating,vintage,chair,couch,seat,fancy,mansion,manor,victorian,antique,leather
spinning_wheel_01	Spinning Wheel 01	Sofia Pahaoja	CC0 1.0	52023	gltf,blend,fbx	props,tools,vintage,victorian,loom,fabric,cloth,yarn,village,wooden,old
spray_paint_bottles	Spray Paint Bottles	James Ray Cock	CC0 1.0	5040	gltf,blend,fbx	props,containers,industrial,collection: the_shed,shed,cleaning,garage,workshop,metal,clutter,spray,can,storage,spray paint,art,graffiti,aerosol,art supplies,painting,metal can
spray_paint_bottles_02	Spray Paint Bottles 02	Riley Queen	CC0 1.0	6576	gltf,blend,fbx	industrial,props,tools,collection: hidden_alley,graffiti,street art,spray paint,paint,urban art
standing_chalkboard_01	Standing Chalkboard 01	ParzivalCG	CC0 1.0	2372	gltf,blend,fbx	decorative,resturant,sign,signage,chalk,board,coffee,workshop,cafe,urban,deli,menu
standing_picture_frame_01	Standing Picture Frame 01	James Ray Cock	CC0 1.0	1634	gltf,blend,fbx	decorative,modern,minimalist,clean,frame,photo,simple,art
standing_picture_frame_02	Standing Picture Frame 02	James Ray Cock	CC0 1.0	2986	gltf,blend,fbx	decorative,wood,painting,old,art,frame,photo
stationery_supplies	Stationery Supplies	Mateusz Sadek	CC0 1.0	4412	gltf,blend,fbx	collection: project_lighthouse,props,office,pen,pencil,eraser,stationery,art supplies,writing,office,desk
steel_frame_shelves_01	Steel Frame Shelves 01	James Ray Cock	CC0 1.0	4348	gltf,blend,fbx	furniture,shelves,industrial,collection: the_shed,commercial,modern,shelf,bookshelf,metal,wood
steel_frame_shelves_02	Steel Frame Shelves 02	James Ray Cock	CC0 1.0	4348	gltf,blend,fbx	furniture,industrial,shelves,collection: the_shed,commercial,modern,shelf,bookshelf,metal,wood
steel_frame_shelves_03	Steel Frame Shelves 03	Ulan Cabanilla	CC0 1.0	8396	gltf,blend,fbx	shelves,furniture,storage,home decor,contemporary,minimalist,display,frame
stick_grenade	Stick Grenade	singaii	CC0 1.0	6250	gltf,blend,fbx	collection: project_lighthouse,weapons,hand grenade,world war 2,bomb,explosive,german,wooden handle
stone_01	Stone 01	Dario Barresi, Rico Cilliers	CC0 1.0	71916	gltf,blend,fbx	rocks,nature,collection: verdant_trail,rock,stone,pebbles,dirt,terrain,gravel,quartz
stone_fire_pit	Stone Fire Pit	Sebastian Platen	CC0 1.0	3887	gltf,blend,fbx	structures,buildings,furniture,collection: the_shed,outdoor,garden,fire,bbq,farm,farmhouse,landscaping,patio,backyard,entertainment,relaxation,stone
strawberry_chocolate_cake	Strawberry Chocolate Cake	Kuutti Siitonen	CC0 1.0	27054	gltf,blend,fbx	props,food,cooking,culinary,cake,baked goods,bakery,treat
street_lamp_01	Street Lamp 01	Josh Dean	CC0 1.0	30610	gltf,blend,fbx	lighting,industrial,collection: hidden_alley,street,road,light,lamppost,outdoor,pole,sidewalk,night, urban,city
street_lamp_02	Street Lamp 02	Josh Dean	CC0 1.0	20338	gltf,blend,fbx	lighting,industrial,collection: hidden_alley,street,road,light,lamppost,outdoor,pole,sidewalk,night,urban,city
street_rat	Street Rat	Sean Buckley	CC0 1.0	14286	gltf,blend,fbx	nature,creature,collection: hidden_alley,rat,mouse,animal,vermin,rodent,alleyway,pest,feral
sungka_board	Sungka Board	Ulan Cabanilla	CC0 1.0	7304	gltf,blend,fbx	decorative,props,collection: the_shed,shed,game,boardgame,wooden,traditional,filipino,hand made
sungka_board_02	Sungka Board 02	Ulan Cabanilla	CC0 1.0	42558	gltf,blend,fbx	decorative,props,game,boardgame,wooden,filipino,traditional,hand-carved,handmade,shell,table top,toy
sweet_potato	Sweet Potato	Jan Martens	CC0 1.0	2042	gltf,blend,fbx	food,nature,potato,root,vegetable,dirty,raw,organic,oblong,sweet potato,roots,tuberous
tea_set_01	Tea Set 01	James Ray Cock, Rico Cilliers, Jurita Burger	CC0 1.0	40296	gltf,blend,fbx	props,dishes,antique,tea,cup,english,ornate,vintage,floral,decorative,ceramic,food,coffee,victorian
television_02	Television 02	Benny Weimer	CC0 1.0	2310	gltf,blend,fbx	collection: project_lighthouse,electronics,old,vintage,crt,cathode ray tube,tv,retro,boxy,screen
throw_pillows_01	Throw Pillows 01	Serhii Khromov	CC0 1.0	6362	gltf,blend,fbx	decorative,decorative,pillow,throw,pattern,african,red,triangle,orange
tire_pump	Tire Pump	Garrison Gager	CC0 1.0	6572	gltf,blend,fbx	tools,props,collection: the_shed,shed,garage,wheel,tire,pump,inflate,matress
tongue_groove_pliers	Tongue & Groove Pliers	BKS	CC0 1.0	2694	gltf,blend,fbx	collection: project_lighthouse,tools,wrench,adjustable wrench,serrated jaws,black grips,rubber grips,scratched
tool_cart	Tool Cart	Savva Zakharov	CC0 1.0	29394	gltf,blend,fbx	collection: project_lighthouse,industrial,furniture,table,rusted,metal,cart,drawer,rolling,workshop,casters,garage,workbench
trashbag	Trashbag	Benny Weimer	CC0 1.0	4482	gltf,blend,fbx	collection: project_lighthouse,props,garbage bag,refuse,street waste,trash,street,scrapyard,junkyard,garbage,bin,dumpster,disposal,litter,rubbish
treasure_chest	Treasure Chest	Rico Cilliers	CC0 1.0	103330	gltf,blend,fbx	props,containers,decorative,collection: smugglers_cove,old,wooden,chest,treasure,pirates,gold,crate,maritime,colonial,worn,antique,wood,prop,container,metal,box,ornate
tree_small_02	Tree Small 02	Rico Cilliers	CC0 1.0	4652585	gltf,blend,fbx	nature,plants,trees,collection: verdant_trail,tree,natural,nature,plant,outdoor,green,botany,leaf,leaves,forest,jungle,foliage,geometry nodes,trunk,bark,medium,garden,branches,burkea africana,wild syringa,small
tree_stump_01	Tree Stump 01	Rob Tuytel	CC0 1.0	41046	gltf,blend,fbx	nature,plants,ground cover,trees,collection: pine_forest,tree,trunk,stump,dead tree,bark,forest,natural,nature,woodland,foliage,environment,forest floor,leaf,dead,roots,decayed,log,dry,mossy,debris,ground cover,moss,rough texture
tree_stump_02	Tree Stump 02	Rob Tuytel	CC0 1.0	62345	gltf,blend,fbx	nature,plants,ground cover,trees,collection: pine_forest,woodland,tree,stump,dead,environment,trunk,bark,forest,natural,forest floor,dry,dead tree,decayed,mossy,moss,rough texture,roots,leaf,leaves
trowel_01	Trowel 01	Satyaki Mandal	CC0 1.0	5242	gltf,blend,fbx	props,tools,collection: the_shed,outdoor,plant,garden,gardening,landscaping,shed,digging,hand,spade,greenhouse,farm
utility_box_01	Utility Box 01	James Ray Cock	CC0 1.0	4404	gltf,blend,fbx	industrial,structures,collection: hidden_alley,utility,box,electrical,power,circuit,breakers,transformer,distributionpanel,junction box,control panel,utility box,infrastructure,urban,city,road
utility_box_02	Utility Box 02	James Ray Cock	CC0 1.0	6268	gltf,blend,fbx	structures,industrial,collection: hidden_alley,utility,box,electrical,power,urban,city,road,circuit,breakers,transformer,distributionpanel,junction box,control panel,utility box,infrastructure
vintage_binocular	Vintage Binoculars	Luke	CC0 1.0	19362	gltf,blend,fbx	collection: project_lighthouse,instrument,props,antique,leather,optical,vintage,brass
vintage_cabinet_01	Vintage Cabinet 01	Rico Cilliers	CC0 1.0	61096	gltf,blend,fbx	furniture,shelves,vintage,farmhouse,old,antique,fancy,wooden,varnished,cupboard,shelf,cabinet
vintage_crutches_01	Vintage Crutches 01	James Ray Cock	CC0 1.0	10628	gltf,blend,fbx	props,collection: the_shed,vintage,war,old,antique,wood,hospital,medical
vintage_day_bed	Vintage Day Bed	Aron Łyczek	CC0 1.0	2715	gltf,blend,fbx	collection: project_lighthouse,furniture,bed,seating,old,vintage,antique,wooden,couch,bench,sofa-bed,matress,chaise
vintage_electric_kettle	Vintage Electric Kettle	SV Garip	CC0 1.0	14838	gltf,blend,fbx	collection: project_lighthouse,decorative,appliances,old,vintage,antique,electric,gooseneck spout,metal,rusted,dirty,traditional
vintage_flashlight	Vintage Flashlight	Omar M. El-Safy	CC0 1.0	10562	gltf,blend,fbx	collection: project_lighthouse,lighting,electronics,props,tools,antique,vintage,old,metal,torch,searchlight,spotlight,handheld,retro
vintage_grandfather_clock_01	Vintage Grandfather Clock 01	Yann Kervran, James Ray Cock	CC0 1.0	12604	gltf,blend,fbx	decorative,appliances,rigged,vintage,antique,fancy,time,clock,old,wooden,ornate
vintage_hand_drill	Vintage Hand Drill	Yann Kervran, Benjamin McDonnell	CC0 1.0	8338	gltf,blend,fbx	tools,props,rigged,collection: the_shed,old,wooden,vintage,workshop,drill,crank,carpentry,shed,garage
vintage_lighter	Vintage Lighter	Slinc	CC0 1.0	3366	gltf,blend,fbx	collection: project_lighthouse,props,tools,metal,scratched,brass,vintage,copper,worn
vintage_microscope	Vintage Microscope	Luis José Fernández Rodríguez	CC0 1.0	20631	gltf,blend,fbx	collection: project_lighthouse,instrument,industrial,tools,antique,brass,scientific,optical,lab equipment,gold
vintage_microwave	Vintage Microwave	Adam Nekola	CC0 1.0	8120	gltf,blend,fbx	collection: project_lighthouse,appliances,electronics,vintage,retro,wooden,70s,oven,analog
vintage_oil_lamp	Vintage Oil Lamp	Monsta3D	CC0 1.0	7208	gltf,blend,fbx	lighting,decorative,lamp,oil,antique,victorian,manor,historic
vintage_pocket_watch	Vintage Pocket Watch	Tal Swicegood	CC0 1.0	4200	gltf,blend,fbx	props,vintage,watch,time,gold,antique,pocket watch,timepiece,ornate,watchface,round,minute hand,old-fashioned,mechanical,numerals
vintage_radio_transceiver	Vintage Radio Transceiver	Mateusz Sadek	CC0 1.0	42350	gltf,blend,fbx	appliances,electronics,collection: project_lighthouse,military,army,communications,frequency dial,field radio,radio,ww2,telegraph,handset,microphone
vintage_spacecraft_instrument	Vintage Spacecraft Instrument	Michał Wiśniewski	CC0 1.0	13279	gltf,blend,fbx	collection: project_lighthouse,instrument,electronics,industrial,vintage,analog,retro,weathered,russian labels,cyrillic,classic,rocket,space
vintage_stapler	Vintage Stapler	Mateusz Sadek	CC0 1.0	4370	gltf,blend,fbx	collection: project_lighthouse,props,tools,office,vintage,stationery,metal,retro
vintage_suitcase	Vintage Suitcase	Maximilian Schuster	CC0 1.0	16474	gltf,blend,fbx	decorative,props,vintage,old,hand made,stickers,travel,garbage,suitcase,trunk,rustic,luggage,worn,aged
vintage_telephone_wall_clock	Vintage Telephone Wall Clock	Adrian C	CC0 1.0	15864	gltf,blend,fbx	props,decorative,wall decoration,collection: project_lighthouse,old,vintage,antique,rotary phone,ornate,red
vintage_video_camera	Vintage Video Camera	James Ray Cock, Jenelle van Heerden	CC0 1.0	18682	gltf,blend,fbx	electronics,appliances,old,vintage,photography,film,cinematic,video,camera,recording,tape,world war 2
vintage_wooden_drawer_01	Vintage Wooden Drawer 01	James Ray Cock	CC0 1.0	5184	gltf,blend,fbx	furniture,shelves,table,vintage,old,filing,drawer,office,wooden,worn,cabinet
wall_clock	Wall Clock	PierreB3D	CC0 1.0	3658	gltf,blend,fbx	collection: project_lighthouse,decorative,appliances,time,timepiece,watch,watchface,wall clock,analog,modern,office decor,home interior,admin,office,90s
water_manhole_cover	Water Manhole Cover	Raunox	CC0 1.0	6301	gltf,blend,fbx	industrial,structures,collection: hidden_alley,infrastructure,drainage,utility,manhole,underground,maintenance,access cover,sewer,city,drain,road,street
watering_can_metal_01	Watering Can Metal 01	Charles Nderitu	CC0 1.0	11837	gltf,blend,fbx	containers,tools,props,collection: the_shed,metal,garage,garden,gardening,landscaping,outdoor,shed,irrigation,farm,farmhouse
weed_plant_02	Weed Plant 02	Rob Tuytel, Rico Cilliers	CC0 1.0	17062	gltf,blend,fbx	nature,plants,ground cover,collection: the_shed,nature,natural,bush,shrub,green,plant,outdoor,leaf,botany,leaves,forest,jungle,foliage,small,field,meadow
wheelchair_01	Wheelchair 01	Garreth Dean	CC0 1.0	40252	gltf,blend,fbx	props,infirmary,hospital,wheelchair,medical,clinic,mobilityaid,foldingwheelchair
wicker_basket_01	Wicker Basket 01	Kuutti Siitonen	CC0 1.0	22276	gltf,blend,fbx	containers,decorative,collection: the_shed,wood,wicker,twine,basket,picnic,outdoor,kitchen,dining,table,shed,farm
wicker_basket_02	Wicker Basket 02	Kuutti Siitonen	CC0 1.0	17850	gltf,blend,fbx	containers,decorative,handcrafted,home decor,rattan,basket,handwoven,woven,rustic decor,wicker,twine
wild_rooibos_bush	Wild Rooibos Bush	James Ray Cock, Jenelle van Heerden	CC0 1.0	76521	gltf,blend,fbx	nature,plants,collection: namaqualand,karoo,south africa,desert,dried,dry,shrub
wine_barrel_01	Wine Barrel 01	James Ray Cock	CC0 1.0	10820	gltf,blend,fbx	containers,barrel,wine,celler,old,worn,grape,farmhouse,farm
wine_bottles_01	Wine Bottles 01	Rico Cilliers, Jurita Burger	CC0 1.0	28848	gltf,blend,fbx	props,containers,dishes,wine,drink,bottle,champagne,grape,farmhouse,vineyard
wooden_axe	Wooden Axe	Ulan Cabanilla	CC0 1.0	3348	gltf,blend,fbx	props,tool,axe,weapon,sharp,lumberjack,forestry,forestry tools,chopping,gardening,garden,firewood,camping,survival,hand tool
wooden_axe_02	Wooden Axe 02	Ulan Cabanilla	CC0 1.0	2218	gltf,blend,fbx	props,tool,axe,weapon,hatchet,forestry,firewood,camping,hand tool,lumber,survival
wooden_axe_03	Wooden Axe 03	Ulan Cabanilla	CC0 1.0	3886	gltf,blend,fbx	props,tools,forest,gardening,garden,lumberjack,woodwork,firewood,fireman,saw,cutting,chopping
wooden_barrels_01	Wooden Barrels 01	James Ray Cock	CC0 1.0	33142	gltf,blend,fbx	containers,props,collection: smugglers_cove,barrel,celler,old,worn,wood,antique,prop,maritime,colonial,cove,farmhouse,farm,furniture,wooden
wooden_bookshelf_worn	Wooden Bookshelf Worn	Ulan Cabanilla	CC0 1.0	10106	gltf,blend,fbx	furniture,shelves,collection: the_shed,old,wooden,wood,worn,garage,shed,rustic,antique,distressed,aged,weathered,bookcase,shelves,carpentry,vintage,storage
wooden_bowl_01	Wooden Bowl 01	Oliver Harries	CC0 1.0	14122	gltf,blend,fbx	props,decorative,dishes,bowl,wooden,carved,fruit,fruitbowl,decoration
wooden_bowl_02	Wooden Bowl 02	Kuutti Siitonen	CC0 1.0	4666	gltf,blend,fbx	props,decorative,dishes,antique,vintage,old,wooden,ornate,traditional,fruitbowl,rustic decor,home decor
wooden_broom	Wooden Broom	Balen	CC0 1.0	14258	gltf,blend,fbx	collection: project_lighthouse,props,tools,cleaning,janitorial,housekeeping,wood,worn,old
wooden_bucket_01	Wooden Bucket 01	James Ray Cock	CC0 1.0	5116	gltf,blend,fbx	props,containers,collection: smugglers_cove,wooden,bucket,old,worn,wood,prop,container
wooden_bucket_02	Wooden Bucket 02	James Ray Cock	CC0 1.0	7252	gltf,blend,fbx	props,containers,collection: smugglers_cove,old,wooden,bucket,vintage,wood,prop,worn,antique,farmhouse,colonial,maritime,container
wooden_candlestick	Wooden Candlestick	Josh Dean	CC0 1.0	3328	gltf,blend,fbx	decorative,lighting,old,antique,vintage,fancy,candle,historic,victorian
wooden_crate_01	Wooden Crate 01	James Ray Cock	CC0 1.0	6576	gltf,blend,fbx	containers,collection: smugglers_cove,vintage,wood,old,wooden,fancy,colonial,chest,box,prop,antique,farmhouse,crate,maritime,commercial,container
wooden_crate_02	Wooden Crate 02	James Ray Cock, Jurita Burger	CC0 1.0	5176	gltf,blend,fbx	containers,props,collection: smugglers_cove,vintage,wood,old,wooden,worn,colonial,commercial,maritime,chest,box,container,prop,farmhouse,crate,farm
wooden_cutting_board	Wooden Cutting Board	Kuutti Siitonen	CC0 1.0	3520	gltf,blend,fbx	props,food,culinary,cooking,kitchen,cutting,chopping,cheese,cooking equipment,wood
wooden_display_shelves_01	Wooden Display Shelves 01	James Ray Cock	CC0 1.0	3174	gltf,blend,fbx	furniture,shelves,modern,wood,pine,square,display,shelf,bookshelf
wooden_hammer_01	Wooden Hammer 01	James Ray Cock	CC0 1.0	3617	gltf,blend,fbx	industrial,tools,props,collection: the_shed,wooden,worn,used,old,dirty,mallet,nails,woodwork,workshop,metal,hammer,hardware,craftsmanship
wooden_handle_saber	Wooden Handle Saber	Ulan Cabanilla	CC0 1.0	4031	gltf,blend,fbx	props,collection: hidden_alley,sword,weapon,pirates,blade,combat,survival,sharp
wooden_ladder	Wooden Ladder	Miroslav Turura	CC0 1.0	8492	gltf,blend,fbx	collection: project_lighthouse,tools,industrial,scaffolding,steps,construction,workshop,ladder,step-ladder,maintenance,utility,wooden
wooden_ladder_02	Wooden Ladder 02	JN_3DPRINTINGNERD	CC0 1.0	6126	gltf,blend,fbx	collection: project_lighthouse,tools,wooden,step-ladder,vintage,traditional,folding,garage,freestanding
wooden_lantern_01	Wooden Lantern 01	James Ray Cock	CC0 1.0	8321	gltf,blend,fbx	props,lighting,collection: smugglers_cove,lantern,wooden,wood,old,worn,farmhouse,maritime,colonial,cove,prop,vintage,candle
wooden_military_crate	Wooden Military Crate	Prabhjinder Singh	CC0 1.0	22986	gltf,blend,fbx	collection: project_lighthouse,containers,military,crate,box,army,chest,ammunition crate,wooden,weathered,worn
wooden_picnic_table	Wooden Picnic Table	Ulan Cabanilla	CC0 1.0	10210	gltf,blend,fbx	furniture,seating,table,vintage,old,worn,park,bench,outdoor,weathered,countryside,outdoor seating
wooden_spoon	Wooden Spoon	Ronnie Barter	CC0 1.0	6576	gltf,blend,fbx	props,dishes,cutlery,spoon,kitchen,cookware,cooking,serving spoon,mixing spoon,culinary
wooden_stool_01	Wooden Stool 01	Kuutti Siitonen	CC0 1.0	10946	gltf,blend,fbx	seating,furniture,collection: the_shed,old,worn,dirty,workshop,outdoor,stool,woodwork,shop
wooden_stool_02	Wooden Stool 02	Kuutti Siitonen	CC0 1.0	11146	gltf,blend,fbx	seating,furniture,old,wooden,vintage,antique,wood,farmhouse,carpentry,handcrafted,footstool
wooden_table_02	Wooden Table 02	Serhii Khromov	CC0 1.0	196	gltf,blend,fbx	furniture,table,wooden,worn,village,rural,natural,simple
worn_metal_rack	Worn Metal Rack	Luca B	CC0 1.0	6372	gltf,blend,fbx	collection: project_lighthouse,furniture,shelves,industrial,shelves,storage,metal,rusted,old,worn,workshop,garage,shed
yellow_onion	Yellow Onion	Kuutti Siitonen	CC0 1.0	5444	gltf,blend,fbx	props,food,culinary,kitchen,cooking,vegetables,organic,produce,nutrition,ingredients
