goi	ten	tac_gia	license	loai	dinh_dang	so_mon	mon	mo_ta	tai	trang	cach_lay
bestiarydungeonmonsterskit	Bestiary - Dungeon Monsters Kit	Quaternius	CC0 1.0	3D	fbx,obj,blend,gltf,glb			The <b>Bestiary - Dungeon Monsters Kit</b> includes 7 different game-ready enemy models with weapons, each with <b>3 different color variations</b>, rigged with a <b>Humanoid rig</b> allowing easy retargeting in any engine and with optimized low poly topology.	https://quaternius.itch.io/bestiary-dungeon-monsters-kit	https://quaternius.com/packs/bestiarydungeonmonsterskit.html	node cong-cu/lay.mjs quaternius bestiarydungeonmonsterskit
downtowncitymegakit	Downtown City MegaKit	Quaternius	CC0 1.0	3D	fbx,blend,gltf,obj			The <b>Downtown City MegaKit</b> is a pack of over 300 modular environment pieces for building full Boston/NYC style city blocks. All models share optimized texture sets, the Source version includes Unity, Godot and Unreal projects with an efficient fake window interior shader, vertex color controlled wear, fake normal bevels and custom simple collisions.	https://quaternius.itch.io/downtown-city-megakit	https://quaternius.com/packs/downtowncitymegakit.html	node cong-cu/lay.mjs quaternius downtowncitymegakit
universalanimationlibrary2	Universal Animation Library 2	Quaternius	CC0 1.0	3D	fbx,glb,blend,obj,gltf			The <b>Universal Animation Library 2</b> is a kit of 130+ animations, created using a universal humanoid rig, which is compatible with Unreal Engine, Godot and Unity, ready for retargeting. This kit complements the first library, covering everything from melee and armed combos, parkour movement, farming, fishing, zombie locomotion and a lot more!	https://quaternius.itch.io/universal-animation-library-2	https://quaternius.com/packs/universalanimationlibrary2.html	node cong-cu/lay.mjs quaternius universalanimationlibrary2
modularcharacteroutfitsfantasy	Modular Character Outfits - Fantasy	Quaternius	CC0 1.0	3D	fbx,obj,blend,gltf			The <b>Modular Character Outfits - Fantasy</b> kit includes 12 <b>game-ready</b> character outfits, made from 62 separate modular parts, compatible with the Universal Base Characters. Designed with optimized, animation-friendly topology and rigged with a <b>Humanoid</b> rig allowing easy retargeting in any engine. Mix and match to create hundreds of unique combinations. Each outfit comes with 3 different color textures.	https://quaternius.itch.io/modular-character-outfits-fantasy	https://quaternius.com/packs/modularcharacteroutfitsfantasy.html	node cong-cu/lay.mjs quaternius modularcharacteroutfitsfantasy
universalbasecharacters	Universal Base Characters	Quaternius	CC0 1.0	3D	fbx,obj,blend,gltf			The <b>Universal Base Characters Kit</b> includes 6 <b>game-ready</b> character models in Superhero, Regular, and Teen proportions (male and female). Designed with optimized, animation-friendly topology and rigged with a Humanoid rig allowing easy retargeting in any engine. Mix and match 20 hairstyles, the Source version includes shaders to customize eye and skin colors allowing hundreds of unique combinations.	https://quaternius.itch.io/universal-base-characters	https://quaternius.com/packs/universalbasecharacters.html	node cong-cu/lay.mjs quaternius universalbasecharacters
fantasypropsmegakit	Fantasy Props MegaKit	Quaternius	CC0 1.0	3D	fbx,obj,blend,gltf			The <b>Fantasy Props MEGAKIT</b> is a pack of over 200 medieval props, ranging from weapons and tools to vegetables, potions, market stalls, chests, furniture, and more. Each model was carefully crafted using as few textures as possible for optimization (all 200 models use just 4 texture sets), and meshes with low poly counts. In the Source and Pro versions, models also include custom simple collisions and worn texture variants, effectively doubling the number of models.	https://quaternius.itch.io/fantasy-props-megakit	https://quaternius.com/packs/fantasypropsmegakit.html	node cong-cu/lay.mjs quaternius fantasypropsmegakit
universalanimationlibrary	Universal Animation Library	Quaternius	CC0 1.0	3D	fbx,glb,blend,obj,gltf			The <b>Universal Animation Library</b> is a kit of 120+ animations, created using a universal humanoid rig, which is compatible with Unreal Engine, Godot and Unity, ready for retargeting. The animations cover a wide range of actions, all the locomotion movements in different directions, combat and gun, emotes and much more.	https://quaternius.itch.io/universal-animation-library	https://quaternius.com/packs/universalanimationlibrary.html	node cong-cu/lay.mjs quaternius universalanimationlibrary
medievalvillagemegakit	Medieval Village MegaKit	Quaternius	CC0 1.0	3D	fbx,obj,blend,gltf			The <b>Medieval Village MEGAKIT</b> is a pack with over 300 modular environment pieces, all designed to snap perfectly to a grid. The walls include both an exterior and an interior at the same time. The kit includes modular roofs, stairs, walls, doors and windows, vines and much more, letting you create your own village with thousands of different possible combinations. The modular system is very flexible and easy to use.	https://quaternius.itch.io/medieval-village-megakit	https://quaternius.com/packs/medievalvillagemegakit.html	node cong-cu/lay.mjs quaternius medievalvillagemegakit
scifiessentialskit	Sci-Fi Essentials Kit	Quaternius	CC0 1.0	3D	fbx,obj,blend,gltf			The <b>Sci-Fi Essentials Kit</b> is a pack containing a wide variety of futuristic assets, including animated robot enemies, textured guns, animated screens, crates, and more, covering all the basic needs of your project. This pack was designed to work seamlessly with the <b>Modular Sci-Fi MegaKit</b>, which was used in the example scene shown in the trailer for the background modules.	https://quaternius.itch.io/sci-fi-essentials-kit	https://quaternius.com/packs/scifiessentialskit.html	node cong-cu/lay.mjs quaternius scifiessentialskit
modularscifimegakit	Modular Sci-Fi Megakit	Quaternius	CC0 1.0	3D	fbx,obj,blend,gltf			The <b>Modular Sci-Fi MEGAKIT</b> is a pack with over 270 modular environment pieces, designed to fit perfectly in a grid, modules are separated into different parts to enable many combinations, allowing you to make anything from a classic sci fi corridor to large rooms or platforming areas in your game!	https://quaternius.itch.io/modular-sci-fi-megakit	https://quaternius.com/packs/modularscifimegakit.html	node cong-cu/lay.mjs quaternius modularscifimegakit
stylizednaturemegakit	Stylized Nature MegaKit	Quaternius	CC0 1.0	3D	fbx,obj,blend,gltf			The <b>Stylized Nature MEGAKIT</b> is a pack with over 110+ unique nature models. Ideal for creating enchanting, Ghibli-inspired scenes, it includes 40 trees, 35 plants and flowers, 27 rocks, grass, bushes and more. With a wide array of assets this kit allows you to create an extensive variety of distinct stunning nature environments.	https://quaternius.itch.io/stylized-nature-megakit	https://quaternius.com/packs/stylizednaturemegakit.html	node cong-cu/lay.mjs quaternius stylizednaturemegakit
3dcardkitfantasy	3D Card Kit - Fantasy	Quaternius	CC0 1.0	3D	fbx,obj,blend,gltf			The <b>3D Card Kit - Fantasy</b> is a pack containing 50 fully modeled 3d fantasy scenes. Ideal for a board game whether digital or tabletop. Everything from spells and abilities, heroes, elements, enemies, and objects.	https://quaternius.itch.io/3d-card-kit-fantasy	https://quaternius.com/packs/3dcardkitfantasy.html	node cong-cu/lay.mjs quaternius 3dcardkitfantasy
zombieapocalypsekit	Zombie Apocalypse Kit	Quaternius	CC0 1.0	3D	fbx,obj,gltf,blend			The Zombie Apocalypse kit is here! 4 Playable characters, 20 animations each, 4 enemies, and best of all 2 DOGS. Plenty of environmental and vehicle models as well. In FBX, OBJ, glTF and Blend formats, free to use in personal and commercial projects.	https://drive.google.com/drive/folders/1mWP6sCHun7OUMHQeDNZLrXTteXlzWg_t	https://quaternius.com/packs/zombieapocalypsekit.html	node cong-cu/lay.mjs quaternius zombieapocalypsekit
piratekit	Pirate Kit	Quaternius	CC0 1.0	3D	fbx,obj,gltf,blend	72	Characters_Anne Characters_Captain_Barbarossa Characters_Henry Characters_Mako Characters_Shark Characters_Sharky Characters_Skeleton Characters_Skeleton_Headless Characters_Tentacle Enemy_Tentacle Environment_Cliff1 Environment_Cliff2 Environment_Cliff3 Environment_Cliff4 Environment_Dock Environment_Dock_Broken Environment_Dock_Pole Environment_House1 Environment_House2 Environment_House3 Environment_LargeBones Environment_PalmTree_1 Environment_PalmTree_2 Environment_PalmTree_3 Environment_Rock_1 Environment_Rock_2 Environment_Rock_3 Environment_Rock_4 Environment_Rock_5 Environment_Sawmill Environment_Skulls Prop_Anchor Prop_Barrel Prop_Bomb Prop_Bottle_1 Prop_Bottle_2 Prop_Bucket Prop_Bucket_Fishes Prop_Cannon Prop_CannonBall Prop_Chest_Closed Prop_Chest_Gold Prop_Coins Prop_Fish_Mackerel Prop_Fish_Tuna Prop_GoldBag Prop_Skull Ship_Large Ship_Small UI_ChickenLeg UI_Gem_Blue UI_Gem_Green UI_Gem_Pink UI_Gold UI_Paper UI_Red_Dash UI_Red_X UI_Rocks UI_Swords UI_Wheat UI_Wood Weapon_Axe Weapon_AxeRifle Weapon_Cutlass Weapon_Dagger Weapon_DoubleAxe Weapon_DoubleShotgun Weapon_Lute Weapon_Pistol Weapon_Rifle Weapon_Sword_1 Weapon_Sword_2	A pirate game kit with a diverse cast of animated characters and environmental models. In FBX, OBJ, glTF and Blend formats, free to use in personal and commercial projects.	https://drive.google.com/drive/folders/1KjMzhVsDcyvYMWeVjZcRfuu8auBLpNi2	https://quaternius.com/packs/piratekit.html	node cong-cu/lay.mjs quaternius piratekit
cubeworldkit	Cube World Kit	Quaternius	CC0 1.0	3D	fbx,obj,gltf,blend			Create your own cube world with animated characters, animals, enemies and environmental models. In FBX, OBJ, glTF and Blend formats, free to use in personal and commercial projects.	https://drive.google.com/drive/folders/1Yyag0ibcOX6lOBY9a3m6iPnz8HwjwLFJ	https://quaternius.com/packs/cubeworldkit.html	node cong-cu/lay.mjs quaternius cubeworldkit
sushirestaurantkit	Unicorn! &middot; GitHub	Quaternius	CC0 1.0	3D						https://quaternius.com/packs/sushirestaurantkit.html	node cong-cu/lay.mjs quaternius sushirestaurantkit
ultimatespacekit	Ultimate Space Kit	Quaternius	CC0 1.0	3D	fbx,obj,gltf,blend			A huge pack with everything you need to make a space game, animated characters, enemies, vegetation, planets and a lot more. In FBX, OBJ, glTF and Blend formats, free to use in personal and commercial projects.	https://drive.google.com/drive/folders/17F8HlI2zPTlo32aieW5YPPwOk78xo-2m	https://quaternius.com/packs/ultimatespacekit.html	node cong-cu/lay.mjs quaternius ultimatespacekit
toonshootergamekit	Toon Shooter Game Kit	Quaternius	CC0 1.0	3D	fbx,obj,gltf,blend			A huge pack with everything you need to make a toon shooter, characters with 17 animations, enemies, environmental assets and more!. In FBX, OBJ, glTF and Blend formats, free to use in personal and commercial projects.	https://drive.google.com/drive/folders/1-BDs_EIyd6uiF2XuoyiZEcqnMQIJrE0C	https://quaternius.com/packs/toonshootergamekit.html	node cong-cu/lay.mjs quaternius toonshootergamekit
ultimatemonsters	Ultimate Monsters	Quaternius	CC0 1.0	3D	fbx,obj,blend,gltf			This pack includes 50 fully animated monsters. All in FBX, OBJ and Blend formats, free to use in personal and commercial projects.	https://drive.google.com/drive/folders/18m4KpzpEzhC9wl7jzr6dUc0N8Jozr79C	https://quaternius.com/packs/ultimatemonsters.html	node cong-cu/lay.mjs quaternius ultimatemonsters
ultimatefantasyrts	Ultimate Fantasy RTS	Quaternius	CC0 1.0	3D	fbx,obj,gltf,blend	128	Archery_FirstAge_Level1 Archery_FirstAge_Level2 Archery_FirstAge_Level3 Archery_SecondAge_Level1 Archery_SecondAge_Level2 Archery_SecondAge_Level3 Barracks_FirstAge_Level1 Barracks_FirstAge_Level2 Barracks_FirstAge_Level3 Barracks_SecondAge_Level1 Barracks_SecondAge_Level2 Barracks_SecondAge_Level3 Barrel Crate Crate_Big_Stack2 Crate_Stack1 Crate_Stack2 Dock_FirstAge Farm_Dirt_Level1 Farm_Dirt_Level2 Farm_Dirt_Level3 Farm_FirstAge_Level1 Farm_FirstAge_Level1_Wheat Farm_FirstAge_Level2 Farm_FirstAge_Level2_Wheat Farm_FirstAge_Level3 Farm_FirstAge_Level3_Wheat Farm_SecondAge_Level1 Farm_SecondAge_Level1_Wheat Farm_SecondAge_Level2 Farm_SecondAge_Level2_Wheat Farm_SecondAge_Level3 Farm_SecondAge_Level3_Wheat Houses_FirstAge_1_Level1 Houses_FirstAge_1_Level2 Houses_FirstAge_1_Level3 Houses_FirstAge_2_Level1 Houses_FirstAge_2_Level2 Houses_FirstAge_2_Level3 Houses_FirstAge_3_Level1 Houses_FirstAge_3_Level2 Houses_FirstAge_3_Level3 Houses_SecondAge_1_Level1 Houses_SecondAge_1_Level2 Houses_SecondAge_1_Level3 Houses_SecondAge_2_Level1 Houses_SecondAge_2_Level2 Houses_SecondAge_2_Level3 Houses_SecondAge_3_Level1 Houses_SecondAge_3_Level2 Houses_SecondAge_3_Level3 Logs Market_FirstAge_Level1 Market_FirstAge_Level2 Market_FirstAge_Level3 Market_SecondAge_Level1 Market_SecondAge_Level2 Market_SecondAge_Level3 Mine Mountain_Group_1 Mountain_Group_2 Mountain_Single MountainLarge_Single Port_FirstAge_Level1 Port_FirstAge_Level2 Port_FirstAge_Level3 Port_SecondAge_Level1 Port_SecondAge_Level2 Port_SecondAge_Level3 Resource_Gold_1 Resource_Gold_2 Resource_Gold_3 Resource_PineTree Resource_PineTree_Group Resource_PineTree_Group_Cut Resource_Rock_1 Resource_Rock_2 Resource_Rock_3 Resource_Tree1 Resource_Tree2 Resource_Tree_Group Resource_Tree_Group_Cut Rock Rock_Group Storage_FirstAge_Leve3 Storage_FirstAge_Level1 Storage_FirstAge_Level2 Storage_SecondAge_Level1 Storage_SecondAge_Level2 Storage_SecondAge_Level3 Temple_FirstAge_Level1 Temple_FirstAge_Level2 Temple_FirstAge_Level3 Temple_SecondAge_Level1 Temple_SecondAge_Level2 Temple_SecondAge_Level3 TowerHouse_FirstAge TowerHouse_SecondAge TownCenter_FirstAge_Level1 TownCenter_FirstAge_Level2 TownCenter_FirstAge_Level3 TownCenter_SecondAge_Level1 TownCenter_SecondAge_Level2 TownCenter_SecondAge_Level3 Wall_FirstAge Wall_SecondAge WallTowers_Door_FirstAge WallTowers_Door_SecondAge WallTowers_DoorClosed_FirstAge WallTowers_DoorClosed_SecondAge WallTowers_FirstAge WallTowers_SecondAge WatchTower_FirstAge_Level1 WatchTower_FirstAge_Level2 WatchTower_FirstAge_Level3 WatchTower_SecondAge_Level1 WatchTower_SecondAge_Level2 WatchTower_SecondAge_Level3 Windmill_FirstAge Windmill_SecondAge Wonder_FirstAge_Level1 Wonder_FirstAge_Level2 Wonder_FirstAge_Level3 Wonder_SecondAge_Level1 Wonder_SecondAge_Level2 Wonder_SecondAge_Level3 WonderWalls_FirstAge WonderWalls_SecondAge	This pack includes a collection of buildings in different evolution stages, along with nature assets. All in FBX, OBJ, glTF and Blend formats, free to use in personal and commercial projects.	https://drive.google.com/drive/folders/1h7sztlZyavWla-JDk3jp6KiWDdMh08yd	https://quaternius.com/packs/ultimatefantasyrts.html	node cong-cu/lay.mjs quaternius ultimatefantasyrts
cyberpunkgamekit	Cyberpunk Game Kit	Quaternius	CC0 1.0	3D	fbx,obj,gltf,blend			A huge pack with everything you need to make a game, animated character, enemies, platforms with modular parts, turrets, and a lot more. In FBX, OBJ, glTF and Blend formats, free to use in personal and commercial projects.	https://drive.google.com/drive/folders/1GyKLypoBxrpLN6GERF9U610Wiub48v9y	https://quaternius.com/packs/cyberpunkgamekit.html	node cong-cu/lay.mjs quaternius cyberpunkgamekit
ultimatestylizednature	Ultimate Stylized Nature Pack	Quaternius	CC0 1.0	3D	fbx,obj,gltf,blend	36	BirchTree_1 BirchTree_2 BirchTree_3 BirchTree_4 BirchTree_5 Bush Bush_Flowers Bush_Large Bush_Large_Flowers Bush_Small Bush_Small_Flowers DeadTree_1 DeadTree_10 DeadTree_2 DeadTree_3 DeadTree_4 DeadTree_5 DeadTree_6 DeadTree_7 DeadTree_8 DeadTree_9 Flower_1 Flower_1_Clump Flower_2 Flower_2_Clump Flower_3_Clump Flower_4_Clump Flower_5_Clump Grass_Large Grass_Large_Extruded Grass_Small MapleTree_1 MapleTree_2 MapleTree_3 MapleTree_4 MapleTree_5	This pack includes 60+ nature assets, with seamless textures and normal maps. All in FBX, OBJ, glTF and Blend formats, free to use in personal and commercial projects.	https://drive.google.com/drive/folders/1IV3bXHzkNvuNWFHPi4KPx-G4ghuxIuT-	https://quaternius.com/packs/ultimatestylizednature.html	node cong-cu/lay.mjs quaternius ultimatestylizednature
ultimatemodularwomen	Ultimate Modular Women Pack	Quaternius	CC0 1.0	3D	fbx,obj,gltf,blend			10 Different characters with 24 animations! Each character is divided into 4 models that can be swapped to create new combinations, humanoid rig version also included. In FBX, OBJ, glTF and Blend formats, free to use in personal and commercial projects.	https://drive.google.com/drive/folders/1720N9IGyQHXYvtvZJzazhxtTTlz-y2Vf	https://quaternius.com/packs/ultimatemodularwomen.html	node cong-cu/lay.mjs quaternius ultimatemodularwomen
ultimatemodularcharacters	Ultimate Modular Men Pack	Quaternius	CC0 1.0	3D	fbx,obj,gltf,blend			11 Different characters with 24 animations! Each character is divided into 4 models that can be swapped to create new combinations. In FBX, OBJ, glTF and Blend formats, free to use in personal and commercial projects.	https://drive.google.com/drive/folders/1USAAquX2JJWuA2m6zol0KUkFe3UkZ8zX	https://quaternius.com/packs/ultimatemodularcharacters.html	node cong-cu/lay.mjs quaternius ultimatemodularcharacters
ultimateplatformer	Platformer Game Kit	Quaternius	CC0 1.0	3D	fbx,obj,gltf,blend			A huge pack with everything you need to make a platformer, character with 18 animations, enemies, platforms, we got it all!. In FBX, OBJ, glTF and Blend formats, free to use in personal and commercial projects.	https://drive.google.com/drive/folders/1NDZn_aGnn0vfFV3M22Y8GPcDjO8BVcLs	https://quaternius.com/packs/ultimateplatformer.html	node cong-cu/lay.mjs quaternius ultimateplatformer
scifimodularguns	Sci-Fi Modular Gun Pack	Quaternius	CC0 1.0	3D	fbx,obj,gltf,blend			A set of modular parts and assembled Sci-Fi Guns. All in FBX, OBJ, glTF and Blend formats, free to use in personal and commercial projects.	https://drive.google.com/drive/folders/1P5j8xZyIEmZGHjGYmIgYCev9SVmB-IHC	https://quaternius.com/packs/scifimodularguns.html	node cong-cu/lay.mjs quaternius scifimodularguns
ultimatemodularruins	Ultimate Modular Ruins Pack	Quaternius	CC0 1.0	3D	fbx,obj,blend	92	Arch_Gothic Arch_Gothic_RoundColumn Arch_Round Arch_Round_RoundColumn Barrel BearTrap_Closed BearTrap_Open Bookcase_Empty Bookcase_Full Brick Bricks BridgeSection Bush_1x1 Bush_2x1 Bush_2x2 Bush_Large Bush_Round Candles_1 Candles_2 Cart Character_Animated Chest Chest_Gold Column_BridgeSupport Column_Round Column_Round_Short Column_Square Crate Curve_1 Curve_1_Overgrown Curve_2 Curve_2_Overgrown DeadTree_1 DeadTree_2 DeadTree_3 Doors_GothicArch Doors_GothicArch_Covered Doors_RoundArch Doors_RoundArch_Covered Flag_GothicArch Flag_RoundArch Flag_Wall Flag_Wall2 Floor_Diamond Floor_Hole_Corner Floor_Hole_Straight Floor_SquareLarge Floor_Squares Floor_Standard Floor_Standard_Half Floor_Tree Grass Pot1 Pot1_Broken Pot2 Pot2_Broken Pot3 Pot3_Broken Rail_Corner Rail_Divider Rail_Straight Skull Stairs Stairs_2 Statue_Fox Statue_Stag Support_Center Support_Left Support_Right Support_Tall Torch Trapdoor Tree_1 Tree_2 Tree_3 Wall Wall_ArchGothic Wall_ArchRound Wall_ArchRound_Broken Wall_ArchRound_Overgrown Wall_ArchRound_Overgrown_Broken Wall_Broken Wall_Double_Broken Wall_Double_Hole Wall_Half Wall_Hole Wall_Overgrown Window_Bars Window_Bars_Double_Overgrown Window_Bars_Overgrown Window_Open Window_Open_Double	This pack includes a huge set of modular ruins and dungeons, an animated character and a set of props. All in FBX, OBJ and Blend formats, free to use in personal and commercial projects.	https://drive.google.com/drive/folders/1ETp2ldaHaP0BkS4FBmkT-g9Yf88T_cIX	https://quaternius.com/packs/ultimatemodularruins.html	node cong-cu/lay.mjs quaternius ultimatemodularruins
ultimateanimatedanimals	Ultimate Animated Animal Pack	Quaternius	CC0 1.0	3D	fbx,obj,gltf,blend	12	Alpaca Bull Cow Deer Donkey Fox Horse Horse_White Husky ShibaInu Stag Wolf	This pack includes 12 different animals, each with more than 12 unique animations (Attack, Death, Kicks, Gallops, Walk, Jump and many more!). All in FBX, OBJ, glTF and Blend formats, free to use in personal and commercial projects.	https://drive.google.com/drive/folders/1uJ3N5HfB7jKTseJUNQr3N4YaN0UuEtHk	https://quaternius.com/packs/ultimateanimatedanimals.html	node cong-cu/lay.mjs quaternius ultimateanimatedanimals
ultimatespaceships	Ultimate Spaceships Pack	Quaternius	CC0 1.0	3D	fbx,obj,gltf,blend			This pack includes 10 different spaceships In FBX, OBJ, glTF and Blend formats, with 5 color variations each, free to use in personal and commercial projects.	https://drive.google.com/drive/folders/1NpfT3wqe2k3Jwue2xryi7tzxP4bWzETu	https://quaternius.com/packs/ultimatespaceships.html	node cong-cu/lay.mjs quaternius ultimatespaceships
animatedmech	Animated Mech Pack	Quaternius	CC0 1.0	3D	fbx,obj,blend,gltf			This pack includes 4 different mechs, each with their own set of animations. All in FBX, OBJ and Blend formats, free to use in personal and commercial projects.	https://drive.google.com/drive/folders/1sueV_4CGMpZC8y30mWfgKK9UaT3mkHBX	https://quaternius.com/packs/animatedmech.html	node cong-cu/lay.mjs quaternius animatedmech
ultimatemodularscifi	Ultimate Modular Sci-Fi Pack	Quaternius	CC0 1.0	3D	fbx,obj,blend	91	Details_Arrow Details_Arrow_2 Details_Basic_1 Details_Basic_2 Details_Basic_3 Details_Basic_4 Details_Cylinder Details_Cylinder_Long Details_Dots Details_Hexagon Details_Output Details_Output_Small Details_Pipes_Long Details_Pipes_Medium Details_Pipes_Small Details_Plate_Details Details_Plate_Large Details_Plate_Long Details_Plate_Small Details_Triangles Details_Vent_1 Details_Vent_2 Details_Vent_3 Details_Vent_4 Details_Vent_5 Details_X DoorDouble_Wall_SideA DoorDouble_Wall_SideB DoorDoubleLong_Wall_SideA DoorSingle_Wall_SideA DoorSingle_Wall_SideB DoorSingleLong_Wall_SideA LongWindow_Wall_SideA LongWindow_Wall_SideB SmallWindows_Wall_SideA SmallWindows_Wall_SideB ThreeWindows_Wall_SideA ThreeWindows_Wall_SideB Wall_1 Wall_2 Wall_3 Wall_4 Wall_5 Wall_Empty Window_Wall_SideA Window_Wall_SideB Column_1 Column_2 Column_3 Column_Slim Door_Double Door_Single FloorTile_Basic FloorTile_Basic2 FloorTile_Corner FloorTile_Double_Hallway FloorTile_Empty FloorTile_InnerCorner FloorTile_Side Pipes Props_Base Props_Capsule Props_Chest Props_Computer Props_ComputerSmall Props_ContainerFull Props_Crate Props_CrateLong Props_Laser Props_Pod Props_Shelf Props_Shelf_Tall Props_Statue Props_Teleporter_1 Props_Teleporter_2 Props_Vessel Props_Vessel_Short Props_Vessel_Tall RoofTile_Corner_Pipes RoofTile_Details RoofTile_Empty RoofTile_InnerCorner_Pipes RoofTile_OrangeVent RoofTile_Pipes1 RoofTile_Pipes2 RoofTile_Plate RoofTile_Plate2 RoofTile_Sides_Pipes RoofTile_SmallVents RoofTile_Vents Staircase	This pack contains a huge set of modular sci-fi interior assets and props. All in FBX, OBJ and Blend formats, free to use in personal and commercial projects.	https://drive.google.com/drive/folders/1zpr6HxVa-sCV93IHubN3A1d8HhF2wGbM	https://quaternius.com/packs/ultimatemodularscifi.html	node cong-cu/lay.mjs quaternius ultimatemodularscifi
medievalvillage	Medieval Village Pack	Quaternius	CC0 1.0	3D	fbx,obj,blend			This pack includes a set of medieval buildings and props. All in FBX, OBJ and Blend formats, free to use in personal and commercial projects.	https://drive.google.com/drive/folders/18T92VcNldHG0ugWo1u0hSJGDLua-n7o5	https://quaternius.com/packs/medievalvillage.html	node cong-cu/lay.mjs quaternius medievalvillage
rpgcharacters	RPG Character Pack	Quaternius	CC0 1.0	3D	fbx,obj,blend,gltf	6	Cleric Monk Ranger Rogue Warrior Wizard	This pack contains 6 different rigged, animated and textured fantasy characters, in .FBX, .OBJ and .Blend formats, free to use in both personal and commercial projects.	https://drive.google.com/drive/folders/1MIRQXLfTd21HMI5rwOb6Xy0rv0xv1m8b	https://quaternius.com/packs/rpgcharacters.html	node cong-cu/lay.mjs quaternius rpgcharacters
survival	Survival Pack	Quaternius	CC0 1.0	3D	fbx,obj,blend	53	Axe Axe_Small Backpack Bandages Battery_Big Battery_Small BearTrap_Closed BearTrap_Open Bonfire Bonfire_Fire Can_Broken Can_Closed Can_Open Can_Red Compass_Closed Compass_Open FirstAidKit FirstAidKit_Hard FlareGun GasCan Knife Match Match_Burnt Match_Fire Matchbox Pan Pan_Small Phone Pistol_1 Pistol_2 Pot Pot_Small PropaneTank Radio Raft Raft_Paddle Revolver_1 Revolver_2 Revolver_3 Shotgun_1 Shotgun_2 Shotgun_SawedOff Shotgun_ShortStock Shovel Tent Torch Trashcan WaterBottle_1 WaterBottle_2 WaterBottle_3 WoodenTorch WoodenTorch_Fire WoodLog	A set of 50+ survival assets, in .FBX, .OBJ and .Blend formats, free to use in both personal and commercial projects.	https://drive.google.com/drive/folders/1NKfC95GMWWJquy6rRzwFVkVDoZ_QP7K_	https://quaternius.com/packs/survival.html	node cong-cu/lay.mjs quaternius survival
cutemonsters	Cute Animated Monsters Pack	Quaternius	CC0 1.0	3D	fbx,obj,blend,gltf	21	Alien Alien_Tall Bat Bee Cactus Chicken Crab Cthulhu Cyclops Deer Demon Ghost GreenDemon Mushroom Panda Penguin Pig Skull Tree YellowDragon Yeti	This pack includes 21 cute animated monsters, each with their own animations and textures. All in FBX, OBJ and Blend formats, free to use in personal and commercial projects.	https://drive.google.com/drive/folders/1zLLO_7ZoWgUsS4uooYnVSErQYRu1VdS0	https://quaternius.com/packs/cutemonsters.html	node cong-cu/lay.mjs quaternius cutemonsters
ultimatehomeinterior	Ultimate House Interior Pack	Quaternius	CC0 1.0	3D	fbx,obj,blend	123	Bathroom_Bathtub Bathroom_Mirror1 Bathroom_Mirror2 Bathroom_Shower1 Bathroom_Sink Bathroom_Toilet Bathroom_Toilet2 Bathroom_ToiletPaper Bathroom_ToiletPaperPile Bathroom_Towel Bathroom_WashingMachine Bed_Bunk Bed_King Bed_Single Bookshelf Carpet_1 Carpet_2 Carpet_Round Chair_1 Chair_2 Chair_3 Chair_4 Column_Round1 Column_Round2 Column_Round3 Column_SquareBig Column_SquareSmall Couch_L Couch_Large1 Couch_Large2 Couch_Large3 Couch_Medium1 Couch_Medium2 Couch_Small1 Couch_Small2 Curtains_Double Curtains_Single Door_1 Door_2 Door_3 Door_4 Door_5 Door_6 Door_7 Door_8 Door_9 Door_Double Drawer_1 Drawer_2 Drawer_3 Drawer_4 Drawer_5 Fireplace Fork Houseplant_1 Houseplant_2 Houseplant_3 Houseplant_4 Houseplant_5 Houseplant_6 Houseplant_7 Houseplant_8 Kitchen_1Drawers Kitchen_2Drawers Kitchen_3Drawers Kitchen_Cabinet1 Kitchen_Cabinet2 Kitchen_CabinetSmall Kitchen_Fridge Kitchen_Oven Kitchen_Oven_Large Kitchen_Sink Knife Light_Ceiling1 Light_Ceiling2 Light_Ceiling3 Light_Ceiling4 Light_Ceiling5 Light_Ceiling6 Light_CeilingSingle Light_Chandelier Light_Cube Light_Cube2 Light_Desk Light_Floor1 Light_Floor2 Light_Floor3 Light_Floor4 Light_Icosahedron Light_Icosahedron2 Light_Small Light_Stand1 Light_Stand2 NightStand_1 NightStand_2 NightStand_3 Plate_1 Plate_2 Plate_3 Shelf_1 Shelf_2 Shelf_Large Shelf_Small1 Shelf_Small2 Shelf_Small3 Spoon Stool Table_RoundLarge Table_RoundSmall Table_RoundSmall2 Trashcan_Cylindric Trashcan_Green Trashcan_Large Trashcan_Small1 Trashcan_Small2 Window_Large1 Window_Large2 Window_Round1 Window_Round2 Window_Round3 Window_Small1 Window_Small2 Window_Small3	The ultimate house interior pack, with 120+ models, everything from doors and windows to kitchen and bathroom furniture! All in FBX, OBJ and Blend formats, free to use in personal and commercial projects.	https://drive.google.com/drive/folders/1SNK9PwPi8xqqxmpU5xEZeiQjB26C1oX6	https://quaternius.com/packs/ultimatehomeinterior.html	node cong-cu/lay.mjs quaternius ultimatehomeinterior
stylizedtree	Stylized Tree Pack	Quaternius	CC0 1.0	3D	fbx,obj,blend	45	Birch_1 Birch_10 Birch_2 Birch_3 Birch_4 Birch_5 Birch_6 Birch_7 Birch_8 Birch_9 DeadBirch_1 DeadBirch_10 DeadBirch_2 DeadBirch_3 DeadBirch_4 DeadBirch_5 DeadBirch_6 DeadBirch_7 DeadBirch_8 DeadBirch_9 DeadTree_1 DeadTree_10 DeadTree_2 DeadTree_3 DeadTree_4 DeadTree_5 DeadTree_6 DeadTree_7 DeadTree_8 DeadTree_9 Pine_1 Pine_2 Pine_3 Pine_4 Pine_5 Tree_1 Tree_10 Tree_2 Tree_3 Tree_4 Tree_5 Tree_6 Tree_7 Tree_8 Tree_9	A set of stylized animal crossing style trees! in FBX, OBJ and Blend formats.	https://drive.google.com/drive/folders/1GlrFUFcNj6KIuc4-QpVEiRcXVUzSClP2	https://quaternius.com/packs/stylizedtree.html	node cong-cu/lay.mjs quaternius stylizedtree
turretpack	Steampunk Turret Pack	Quaternius	CC0 1.0	3D	fbx,obj,blend	37	Base Bomber_1 Bomber_2 Cannon_1 Cannon_2 Cannon_3 Cannon_4 Cannon_5 Cannon_6 Cannon_7 GearCannon_1 GearCannon_2 Gun Gun_10 Gun_2 Gun_3 Gun_4 Gun_5 Gun_6 Gun_7 Gun_8 Gun_9 Laser_1 Laser_2 Laser_Doble Laser_MachineGun Laser_Quad Long_1 Long_2 Teleporter1 Teleporter2 Teleporter3 Teleporter4 Teleporter5 Upwards_1 Upwards_2 Upwards_3_	A set of 37 different Steampunk Turrets. All in FBX, OBJ and Blend formats, free to use in personal and commercial projects.	https://drive.google.com/drive/folders/1HenXNzxU2HJMDOGQj9LKRHk9eHrBgoya	https://quaternius.com/packs/turretpack.html	node cong-cu/lay.mjs quaternius turretpack
cutefish	Animated Cute Fish Pack	Quaternius	CC0 1.0	3D	fbx,obj,blend	52	Anglerfish ArmoredCatfish Betta BlackLionFish Blobfish BlueGoldfish BlueTang Boat ButterflyFish CardinalFish Clownfish CoralGrouper Cowfish Dock_Long Dock_Long_NoRope Dock_Stairs Dock_Wide FishingRod_Lvl1 FishingRod_Lvl2 FishingRod_Lvl3 FishingRod_Lvl4 FishingRod_Lvl5 Flatfish FlowerHorn GoblinShark Goldfish Humphead Koi Lionfish Lure_1 Lure_2 Lure_3 Lure_4 Lure_5 Lure_6 MandarinFish MoorishIdol ParrotFish Piranha Puffer RedSnapper RoyalGramma Shark Sunfish Swordfish Tang Tetra Tuna Turbot Worm YellowTang ZebraClownFish	This pack includes more than 50 animated cute fish models, along with fishing rods, lures and more. All in FBX, OBJ and Blend formats, free to use in personal and commercial projects.	https://drive.google.com/drive/folders/1QK5NCgIxUZ1cYGzVwaNfcfEiQhvczqUB	https://quaternius.com/packs/cutefish.html	node cong-cu/lay.mjs quaternius cutefish
ultimatecrops	Ultimate Crops Pack	Quaternius	CC0 1.0	3D	fbx,obj,blend	102	Apple_1 Apple_2 Apple_3 Apple_4 Apple_Crop Apple_Harvested Bamboo_1 Bamboo_2 Bamboo_3 Bamboo_4 Bamboo_Crop Beet_1 Beet_2 Beet_3 Beet_4 Beet_Crop BushBerries_1 BushBerries_2 BushBerries_3 BushBerries_4 BushBerries_Crop BushBerries_Harvested Cactus_1 Cactus_2 Cactus_3 Cactus_4 Cactus_Crop Cactus_Harvested Carrot_1 Carrot_2 Carrot_3 Carrot_4 Carrot_Crop Coconut_Half Corn_1 Corn_2 Corn_3 Corn_4 Corn_Crop Corn_Harvested Flower_1 Flower_2 Flower_3 Flower_4 Flowers_Crop Flowers_Harvested Grass_1 Grass_2 Grass_3 Grass_4 Lettuce_1 Lettuce_2 Lettuce_3 Lettuce_4 Lettuce_Crop Lettuce_Harvested Mushroom_1 Mushroom_2 Mushroom_3 Mushroom_4 Mushroom_Crop Mushroom_Harvested Orange_1 Orange_2 Orange_3 Orange_4 Orange_Crop Orange_Harvested PalmTree_1 PalmTree_2 PalmTree_3 PalmTree_4 PalmTree_Crop PalmTree_Harvested Pumpkin_1 Pumpkin_2 Pumpkin_3 Pumpkin_4 Pumpkin_Crop Pumpkin_Harvested Rice_1 Rice_2 Rice_3 Rice_4 Rice_Crop Tomato_1 Tomato_2 Tomato_3 Tomato_4 Tomato_Crop Tomato_Harvested Watermelon_1 Watermelon_2 Watermelon_3 Watermelon_4 Watermelon_Crop Watermelon_Harvested Wheat_1 Wheat_2 Wheat_3 Wheat_4 Wheat_Crop	The ultimate crops pack, 100+ models of different crops in 5 stages of growth! FBX, OBJ and Blend formats.	https://drive.google.com/drive/folders/1uhbi-NWp7pwqOGtraBZurbphyxAvoABZ	https://quaternius.com/packs/ultimatecrops.html	node cong-cu/lay.mjs quaternius ultimatecrops
ultimatetexturedbuildings	Ultimate Buildings Pack	Quaternius	CC0 1.0	3D	fbx,obj,blend			This pack includes a set of modular buildings, with different atlas textures to change the palette. All in FBX, OBJ and Blend formats, free to use in personal and commercial projects.	https://drive.google.com/drive/folders/1RE3qXhbE5yGS3t-xGFJ8GmOtTgCUF3LQ	https://quaternius.com/packs/ultimatetexturedbuildings.html	node cong-cu/lay.mjs quaternius ultimatetexturedbuildings
ultimatedanimatedcharacter	Ultimate Animated Character Pack	Quaternius	CC0 1.0	3D	fbx,obj,blend	52	BaseCharacter BlueSoldier_Female BlueSoldier_Male Casual2_Female Casual2_Male Casual3_Female Casual3_Male Casual_Bald Casual_Female Casual_Male Chef_Female Chef_Hat Chef_Male Cow Cowboy_Female Cowboy_Hair Cowboy_Male Doctor_Female_Old Doctor_Female_Young Doctor_Male_Old Doctor_Male_Young Elf Goblin_Female Goblin_Male Kimono_Female Kimono_Male Knight_Golden_Female Knight_Golden_Male Knight_Male Ninja_Female Ninja_Male Ninja_Male_Hair Ninja_Sand Ninja_Sand_Female OldClassy_Female OldClassy_Male Pirate_Female Pirate_Male Pug Soldier_Female Soldier_Male Suit_Female Suit_Male Viking_Female Viking_Male VikingHelmet Witch Wizard Worker_Female Worker_Male Zombie_Female Zombie_Male	50+ different animated characters, with many animations! All in FBX, OBJ and Blend formats, free to use in personal and commercial projects.	https://drive.google.com/drive/folders/1sNi1AfenfPRrvRt5yfaj5QMMd6KKcUJ5	https://quaternius.com/packs/ultimatedanimatedcharacter.html	node cong-cu/lay.mjs quaternius ultimatedanimatedcharacter
ultimatefood	Ultimate Food Pack	Quaternius	CC0 1.0	3D	fbx,obj,blend	103	Apple Apple_Green Avocado Avocado_Empty Bacon_Burned Bacon_Cooked Bacon_Uncooked Banana Bottle1 Bottle2 Bread Bread_Slice Broccoli Burger Burger_Bread BurgerLarge BurgerPatty_Burned BurgerPatty_Cooked BurgerPatty_Raw Carrot Cheese_Singles Cheeseburger ChickenLeg ChocolateBar Chopsticks Coconut Coconut_Half CookingPot CookingPot2 CookingPot2_Soup CookingPot_Soup Corndog Croissant Cupcake Donut1 Donut2 Donut3 Donut4 DoubleCheeseburger Egg_Burned Egg_Fried Egg_Whole Egg_Whole_White Eggplant Fish FishBone Fork Fries FryingPan Hotdog Hotdog_Bun IceCream_1 IceCream_2 IceCream_3 IceCream_4 IceCream_Cone IceCream_Cone2 Jar_Large KetchupBottle KetchupMustard Knife Lettuce Lettuce_Whole MayoBottle Mushroom Mushroom_Sliced MustardBottle Orange Pancake Pancakes_Stack PeanutButter PeanutButter_2 Pepper_Green Pepper_Red Pizza Pizza_Burned Pizza_Slice Plate Plate2 Plate_Square Popsicle_Chocolate Popsicle_Multiple Popsicle_Strawberry Pumpkin Sashimi_Salmon Sashimi_Salmon2 Sausage_Cooked Sausage_Raw Soda SoySauce Spoon Steak Steak_burned Sushi_Nigiri1 Sushi_Nigiri2 Sushi_NigiriOctopus Sushi_Roll1 Sushi_Roll2 Tentacle Tomato Tomato_Slice Turnip Waffle	This pack contains 100+ different food and consumable models! All in FBX, OBJ and Blend formats, free to use in personal and commercial projects.	https://drive.google.com/drive/folders/1zMfN7q9VU80M7mLAbBBJyY2OdoXslbl1	https://quaternius.com/packs/ultimatefood.html	node cong-cu/lay.mjs quaternius ultimatefood
ultimaterpg	Ultimate RPG Pack	Quaternius	CC0 1.0	3D	fbx,obj,blend	106	Armor_Black Armor_Golden Armor_Leather Armor_Metal Armor_Metal2 Arrow Arrow_Golden Axe_Double Axe_Double_Golden Axe_small Axe_small_Golden Backpack Bag Bone Book1_Closed Book1_Open Book2_Closed Book2_Open Book3_Closed Book3_Open Book4_Closed Book4_Open Bow_Golden Bow_Wooden Chalice Chest_Closed Chest_Ingots Chest_Open ChickenLeg Coin Coin_Skull Coin_Star Crown Crown2 Crystal1 Crystal1_Damaged Crystal2 Crystal2_Damaged Crystal3 Crystal3_Damaged Crystal4 Crystal5 Crystal5_Damaged Dagger Dagger_Golden Dart Dart_Golden FishBone Glove Gold_Ingots Hammer_Double Hammer_Double_Golden Heart Heart_Broken Heart_Half Key1 Key2 Key3 Key4 Mineral Necklace1 Necklace2 Necklace3 Padlock Parchment Potion10_Empty Potion10_Filled Potion11_Empty Potion11_Filled Potion1_Empty Potion1_Filled Potion2_Empty Potion2_Filled Potion3_Empty Potion3_Filled Potion4_Empty Potion4_Filled Potion5_Empty Potion5_Filled Potion6_Empty Potion6_Filled Potion7_Empty Potion7_Filled Potion8_Empty Potion8_Filled Potion9_Empty Potion9_Filled Pouch Ring1 Ring2 Ring3 Ring4 Ring5 Ring6 Ring7 Scroll Skull Skull2 Snowflake1 Snowflake2 Snowflake3 Star Sword Sword_big Sword_big_Golden Sword_Golden	A set with 100+ RPG Models, PNG renders of each model also included! All in FBX, OBJ and Blend formats, free to use in personal and commercial projects.	https://drive.google.com/drive/folders/1IhdL3W5XdJrjf_axqAnKvEybMaC3FwF-	https://quaternius.com/packs/ultimaterpg.html	node cong-cu/lay.mjs quaternius ultimaterpg
ultimategun	Ultimate Guns Pack	Quaternius	CC0 1.0	3D	fbx,obj,blend	55	Bayonet Bayonet_2 Bipod Flashlight Grip Scope_1 Scope_2 Scope_3 Silencer_1 Silencer_2 Silencer_3 Silencer_long Silencer_Short Stock Tripod AssaultRifle2_1 AssaultRifle2_2 AssaultRifle2_3 AssaultRifle2_4 AssaultRifle_1 AssaultRifle_2 AssaultRifle_3 AssaultRifle_4 AssaultRifle_5 Bullpup_1 Bullpup_2 Bullpup_3 Pistol_1 Pistol_2 Pistol_3 Pistol_4 Pistol_5 Pistol_6 Revolver_1 Revolver_2 Revolver_3 Revolver_4 Revolver_5 Shotgun_1 Shotgun_2 Shotgun_3 Shotgun_4 Shotgun_SawedOff Shotgun_ShortStock SniperRifle_1 SniperRifle_2 SniperRifle_3 SniperRifle_4 SniperRifle_5 SniperRifle_6 SubmachineGun_1 SubmachineGun_2 SubmachineGun_3 SubmachineGun_4 SubmachineGun_5	This pack contains 40 different gun models . All in FBX, OBJ and Blend formats, free to use in personal and commercial projects.	https://drive.google.com/drive/folders/12V-mHNB6bnW2WzgpJfRBQd-TG4pOO3yx	https://quaternius.com/packs/ultimategun.html	node cong-cu/lay.mjs quaternius ultimategun
ultimatenature	Ultimate Nature Pack	Quaternius	CC0 1.0	3D	fbx,obj,blend	150	BirchTree_1 BirchTree_2 BirchTree_3 BirchTree_4 BirchTree_5 BirchTree_Autumn_1 BirchTree_Autumn_2 BirchTree_Autumn_3 BirchTree_Autumn_4 BirchTree_Autumn_5 BirchTree_Dead_1 BirchTree_Dead_2 BirchTree_Dead_3 BirchTree_Dead_4 BirchTree_Dead_5 BirchTree_Dead_Snow_1 BirchTree_Dead_Snow_2 BirchTree_Dead_Snow_3 BirchTree_Dead_Snow_4 BirchTree_Dead_Snow_5 BirchTree_Snow_1 BirchTree_Snow_2 BirchTree_Snow_3 BirchTree_Snow_4 BirchTree_Snow_5 Bush_1 Bush_2 Bush_Snow_1 Bush_Snow_2 BushBerries_1 BushBerries_2 Cactus_1 Cactus_2 Cactus_3 Cactus_4 Cactus_5 CactusFlower_1 CactusFlowers_2 CactusFlowers_3 CactusFlowers_4 CactusFlowers_5 CommonTree_1 CommonTree_2 CommonTree_3 CommonTree_4 CommonTree_5 CommonTree_Autumn_1 CommonTree_Autumn_2 CommonTree_Autumn_3 CommonTree_Autumn_4 CommonTree_Autumn_5 CommonTree_Dead_1 CommonTree_Dead_2 CommonTree_Dead_3 CommonTree_Dead_4 CommonTree_Dead_5 CommonTree_Dead_Snow_1 CommonTree_Dead_Snow_2 CommonTree_Dead_Snow_3 CommonTree_Dead_Snow_4 CommonTree_Dead_Snow_5 CommonTree_Snow_1 CommonTree_Snow_2 CommonTree_Snow_3 CommonTree_Snow_4 CommonTree_Snow_5 Corn_1 Corn_2 Flowers Grass Grass_2 Grass_Short Lilypad PalmTree_1 PalmTree_2 PalmTree_3 PalmTree_4 PineTree_1 PineTree_2 PineTree_3 PineTree_4 PineTree_5 PineTree_Autumn_1 PineTree_Autumn_2 PineTree_Autumn_3 PineTree_Autumn_4 PineTree_Autumn_5 PineTree_Snow_1 PineTree_Snow_2 PineTree_Snow_3 PineTree_Snow_4 PineTree_Snow_5 Plant_1 Plant_2 Plant_3 Plant_4 Plant_5 Rock_1 Rock_2 Rock_3 Rock_4 Rock_5 Rock_6 Rock_7 Rock_Moss_1 Rock_Moss_2 Rock_Moss_3 Rock_Moss_4 Rock_Moss_5 Rock_Moss_6 Rock_Moss_7 Rock_Snow_1 Rock_Snow_2 Rock_Snow_3 Rock_Snow_4 Rock_Snow_5 Rock_Snow_6 Rock_Snow_7 TreeStump TreeStump_Moss TreeStump_Snow Wheat Willow_1 Willow_2 Willow_3 Willow_4 Willow_5 Willow_Autumn_1 Willow_Autumn_2 Willow_Autumn_3 Willow_Autumn_4 Willow_Autumn_5 Willow_Dead_1 Willow_Dead_2 Willow_Dead_3 Willow_Dead_4 Willow_Dead_5 Willow_Dead_Snow_1 Willow_Dead_Snow_2 Willow_Dead_Snow_3 Willow_Dead_Snow_4 Willow_Dead_Snow_5 Willow_Snow_1 Willow_Snow_2 Willow_Snow_3 Willow_Snow_4 Willow_Snow_5 WoodLog WoodLog_Moss WoodLog_Snow	The ultimate nature pack, 150 models with everything you need! in FBX, OBJ and Blend formats.	https://drive.google.com/drive/folders/1-Kl0L_Jg8awbh0S5T-z3zxh4mVlnxTpa	https://quaternius.com/packs/ultimatenature.html	node cong-cu/lay.mjs quaternius ultimatenature
animatedtanks	Animated Tanks Pack	Quaternius	CC0 1.0	3D	fbx,obj,blend	4	Tank Tank2 Tank3 Tank4	This pack contains 4 different animated tank models! All in .FBX, .OBJ and .Blend formats, free to use in both personal and commercial projects.	https://drive.google.com/drive/folders/1tHX0RF9l4Nw4EZwxH6xWta0HsICU2h-G	https://quaternius.com/packs/animatedtanks.html	node cong-cu/lay.mjs quaternius animatedtanks
modulardungeon	Modular Dungeons Pack	Quaternius	CC0 1.0	3D	fbx,obj,blend	48	Arch Arch_bars Arch_Door Arch_Door_bottompivot Bag_Coins Bag_Standing Banner Banner_wall Barrel Barrel2 Brick Bucket Chair Chest Chest_Gold Cobweb Cobweb2 Coin_Pile Column Column2 Crate Decorative_Wall Fence_90_Modular Fence_End_Modular Fence_Straight_Modular Floor_BricksSeparate Floor_BricksSeparate2 Floor_Modular Pedestal Pedestal2 Skull Spikes Stairs_Modular Stairs_SideCover Stairs_SideCoverWall Statue_Horse Sword_WallMount Table_Big Table_Small Torch Trap_empty Trap_spikes Trapdoor Trapdoor_open Vase Wall_Modular WallCover_Modular Woodfire	This pack includes a set of modular dungeon assets. All in FBX, OBJ and Blend formats, free to use in personal and commercial projects.	https://drive.google.com/drive/folders/1CvofJVYHf00StUTsIWtOuyVxeV0CN3UI	https://quaternius.com/packs/modulardungeon.html	node cong-cu/lay.mjs quaternius modulardungeon
modulartrain	Modular Train Pack	Quaternius	CC0 1.0	3D	fbx,obj,blend	14	CargoTrain_CoalContainer CargoTrain_Container CargoTrain_Front CargoTrain_Wagon CargoTrain_WagonEmpty CargoTrain_WagonOpenContainer HighSpeed_Front HighSpeed_Wagon Locomotive_CoalTender Locomotive_Front Locomotive_PassengerWagon Locomotive_Wagon RailwayTrack_Curve RailwayTrack_Straight	This pack contains a variety of trains! All in .FBX, .OBJ and .Blend formats, free to use in both personal and commercial projects.	https://drive.google.com/drive/folders/15UgTB4JZgsSxdBDTTk0Qv1iiCbH9bdMk	https://quaternius.com/packs/modulartrain.html	node cong-cu/lay.mjs quaternius modulartrain
animatedalien	Animated Alien Pack	Quaternius	CC0 1.0	3D	fbx,obj,blend	2	Alien Alien_Helmet	This pack contains a cute animated alien in FBX, OBJ and Blend formats, free to use in personal and commercial projects.	https://drive.google.com/drive/folders/1ADdETHqjSIEUhjKjhLB9hQjeppXEqcvL	https://quaternius.com/packs/animatedalien.html	node cong-cu/lay.mjs quaternius animatedalien
ultimatefurniture	Ultimate Furniture Pack	Quaternius	CC0 1.0	3D	fbx,obj,blend	20	BedDouble BedTwin Bookcase Bookcase_Books Chair Closet Desk Door1 Door2 Door3 NightStand OfficeChair ShortCloset Sofa Sofa2 Sofa3 Sofa_individual Stool Table Table2	This pack includes all the furniture essentials to decorate your homes! Beds, chairs, tables, you got it all! All in FBX, OBJ and Blend formats, free to use in personal and commercial projects.	https://drive.google.com/drive/folders/1n85oUi0RN5ZUXEIMKA-AnBsPErVXWcma	https://quaternius.com/packs/ultimatefurniture.html	node cong-cu/lay.mjs quaternius ultimatefurniture
animatedwomen	Animated Women Pack	Quaternius	CC0 1.0	3D	fbx,obj,blend	8	Female_Alternative Female_Casual Female_Dress Female_TankTop Smooth_Female_Alternative Smooth_Female_Casual Smooth_Female_Dress Smooth_Female_TankTop	This pack contains a set of 4 different human models with many animations. In FBX, OBJ and Blend formats, free to use in personal and commercial projects.	https://drive.google.com/drive/folders/1c13R--fMqdR6r2MRlcKKsbPky0__T-yJ	https://quaternius.com/packs/animatedwomen.html	node cong-cu/lay.mjs quaternius animatedwomen
animatedmen	Animated Men Pack	Quaternius	CC0 1.0	3D	fbx,obj,blend	8	Male_Casual Male_LongSleeve Male_Shirt Male_Suit Smooth_Male_Casual Smooth_Male_LongSleeve Smooth_Male_Shirt Smooth_Male_Suit	This pack contains a set of 4 different human models with many animations. In FBX, OBJ and Blend formats, free to use in personal and commercial projects.	https://drive.google.com/drive/folders/17LibivOaUidsQhSkcxP3YYvDr0n7wIwu	https://quaternius.com/packs/animatedmen.html	node cong-cu/lay.mjs quaternius animatedmen
easyenemy	Easy Enemy Pack	Quaternius	CC0 1.0	3D	fbx,obj,blend	6	Frog Rat Snake Snake_angry Spider Wasp	This pack includes 5 different animated enemies, each with their own animations. All in FBX, OBJ and Blend formats, free to use in personal and commercial projects.	https://drive.google.com/drive/folders/1VbJIslXPWK-1KybQN6yezZrfJcw608qe	https://quaternius.com/packs/easyenemy.html	node cong-cu/lay.mjs quaternius easyenemy
buildings	Buildings Pack	Quaternius	CC0 1.0	3D	fbx,obj,blend	9	Building1_Large Building1_Small Building2_Large Building2_Small Building3_Big Building3_Small Building4 House1 House2	This pack includes a set of 9 different buildings. All in FBX, OBJ and Blend formats, free to use in personal and commercial projects.	https://drive.google.com/drive/folders/1uWCsV9QfnAu8u_QbwkYwOfuU3McME7CA	https://quaternius.com/packs/buildings.html	node cong-cu/lay.mjs quaternius buildings
animateddinosaurs	Animated Dinosaur Pack	Quaternius	CC0 1.0	3D	fbx,obj,blend	6	Apatosaurus Parasaurolophus Stegosaurus Trex Triceratops Velociraptor	This pack includes 6 different animated dinosaurs, each with their own animations. All in FBX, OBJ and Blend formats, free to use in personal and commercial projects.	https://drive.google.com/drive/folders/1u5Fhu3ziuRlGonW6bUI7uClqBGoSNeF6	https://quaternius.com/packs/animateddinosaurs.html	node cong-cu/lay.mjs quaternius animateddinosaurs
cars	Cars Pack	Quaternius	CC0 1.0	3D	fbx,obj,blend	7	Cop NormalCar1 NormalCar2 SportsCar SportsCar2 SUV Taxi	This pack contains 8 different car models! All in .FBX, .OBJ and .Blend formats, free to use in both personal and commercial projects.	https://drive.google.com/drive/folders/1fKlbDry77iY8KlEoxzUxIAZQL_XhzWlA	https://quaternius.com/packs/cars.html	node cong-cu/lay.mjs quaternius cars
modularplatformer	Modular Platformer Pack	Quaternius	CC0 1.0	3D	fbx,obj,blend	53	BearTrap_Closed BearTrap_Open Bomb Cloud1 Cloud2 Cloud3 Cloud4 Cloud5 Coin Crate Fence Flag Grass Grass1 Grass2 Heart_Full Heart_Half Key Ladder_long Ladder_medium Ladder_short Lever MovingPlatform MovingPlatform_Long Mushroom Pipe Platform_BottomLeft Platform_BottomMiddle Platform_BottomRight Platform_CenterLeft Platform_CenterMiddle Platform_CenterRight Platform_TopLeft Platform_TopMiddle Platform_TopRight Rock1 Rock2 Rock3 Rock4 Rope_Long Rope_Short Sign_Left Sign_LeftRight Sign_Right Spike_Group Spike_Single Spikes_Platform Star Tree1 Tree2 Tree3 Tree4 YellowBox	This pack includes an array of modular platformer assets, such as clouds, a simple set of trees, stairs, crates, collectibles and many more! All in FBX, OBJ and Blend formats, free to use in personal and commercial projects.	https://drive.google.com/drive/folders/1ku_XmbHOZ5ypgKCAjpzX6hlXaOJT7Uoq	https://quaternius.com/packs/modularplatformer.html	node cong-cu/lay.mjs quaternius modularplatformer
animatedrobot	Animated Robot Pack	Quaternius	CC0 1.0	3D	fbx,obj,blend	1	Robot	This pack contains a cute animated robot in FBX, OBJ and Blend formats, free to use in personal and commercial projects.	https://drive.google.com/drive/folders/18MU0RtRu9G6SU6uSZ_zMQFmVkRlB4zH5	https://quaternius.com/packs/animatedrobot.html	node cong-cu/lay.mjs quaternius animatedrobot
farmbuildings	Farm Buildings Pack	Quaternius	CC0 1.0	3D	fbx,obj,blend	13	Barn BigBarn ChickenCoop Fence Fence2 OpenBarn Silo Silo_House SmallBarn TowerWindmill WaterTower Well Windmill	This pack includes a set of farm buildings. All in FBX, OBJ and Blend formats, free to use in personal and commercial projects.	https://drive.google.com/drive/folders/1gdZ39vcLML_ULU5sHirkKQ-gEkk458Ak	https://quaternius.com/packs/farmbuildings.html	node cong-cu/lay.mjs quaternius farmbuildings
medievalweapons	Modular Weapons Pack	Quaternius	CC0 1.0	3D	fbx,obj,blend	24	Arrow Axe Axe_Double Axe_Small Bow_Evil Bow_Golden Bow_Wooden Bow_Wooden2 Claymore Dagger Dagger_2 Hammer_Double Hammer_Small Scythe Shield_Celtic_Golden Shield_Heater Shield_Heater_2 Shield_Round Shield_Round_2 Spear Sword Sword_2 Sword_Big Sword_Golden	This pack includes an array of medieval weapons such as swords, daggers, bows, shields, hammers and many more! All in FBX, OBJ and Blend formats, free to use in personal and commercial projects.	https://drive.google.com/drive/folders/1Z6vYiQxY8W73FXuMWzaTQAg9rzbumnOr	https://quaternius.com/packs/medievalweapons.html	node cong-cu/lay.mjs quaternius medievalweapons
backgroundposedhumans	Background Posed Humans Pack	Quaternius	CC0 1.0	3D	fbx,obj,blend			A set of 20 different posed humans, with 8 different hairstyles. In FBX, OBJ and Blend formats, free to use in personal and commercial projects.	https://drive.google.com/drive/folders/18dWyZlA53euzsc1WobITqFYLcT5sFULz	https://quaternius.com/packs/backgroundposedhumans.html	node cong-cu/lay.mjs quaternius backgroundposedhumans
animatedmonster	Animated Monster Pack	Quaternius	CC0 1.0	3D	fbx,obj,blend	4	Bat Dragon Skeleton Slime	This pack includes 4 animated monsters, each with their own animations. All in FBX, OBJ and Blend formats, free to use in personal and commercial projects.	https://drive.google.com/drive/folders/102H-oyUM8SGYi1mW0GOgkjEu7xSdaORA	https://quaternius.com/packs/animatedmonster.html	node cong-cu/lay.mjs quaternius animatedmonster
knightcharacter	Animated Knight Pack	Quaternius	CC0 1.0	3D	fbx,obj,blend	9	Club Helmet1 Helmet2 Helmet3 Katana KnightCharacter ShortSword ShoulderPads Sword	This pack contains a Knight character with many animations and accessories such as swords and helmets. In FBX, OBJ and Blend formats, free to use in personal and commercial projects.	https://drive.google.com/drive/folders/1QVyfCJkq70mAwMIh1cGq1xfHp2LN5GmK	https://quaternius.com/packs/knightcharacter.html	node cong-cu/lay.mjs quaternius knightcharacter
farmanimal	Farm Animal Pack	Quaternius	CC0 1.0	3D	fbx,obj,blend	7	Cow Horse Llama Pig Pug Sheep Zebra	This pack includes 7 farm animals, each with their own animations. All in FBX, OBJ and Blend formats, free to use in personal and commercial projects.	https://drive.google.com/drive/folders/1is1ax2V0mIEDS7BbbzBV_x2Pabya1dVJ	https://quaternius.com/packs/farmanimal.html	node cong-cu/lay.mjs quaternius farmanimal
animatedguns	Animated Guns Pack	Quaternius	CC0 1.0	3D	fbx,obj,blend	6	P90 Pistol Revolver Rifle Shotgun SniperRifle	This pack includes 6 different animated guns, such as a P90, revolver, pistol, shotgun and sniper rifle. All in FBX, OBJ and Blend formats, free to use in personal and commercial projects.	https://drive.google.com/drive/folders/1ICYTdMXQqhkhrh8Fzjx9D0ozJuONwtC4	https://quaternius.com/packs/animatedguns.html	node cong-cu/lay.mjs quaternius animatedguns
scifigun	Sci-Fi Gun Pack	Quaternius	CC0 1.0	3D	fbx,obj,blend	7	Lightning Gun LongPistol LongPistol_small Pistol Ray Gun Rifle Sniper rifle	A set of 7 different Sci-Fi Guns. All in FBX, OBJ and Blend formats, free to use in personal and commercial projects.	https://drive.google.com/drive/folders/1jaszGQ7QN2KIWFFoOVYy8y8qFe27yVL2	https://quaternius.com/packs/scifigun.html	node cong-cu/lay.mjs quaternius scifigun
animatedfish	Animated Fish Pack	Quaternius	CC0 1.0	3D	fbx,obj,blend	7	Dolphin Fish1 Fish2 Fish3 Manta ray Shark Whale	This pack includes 7 different aquatic species, each with their own animations. All in FBX, OBJ and Blend formats, free to use in personal and commercial projects.	https://drive.google.com/drive/folders/1SvlOveJJjmhSn-FgCRyojc1T5QHjjGkF	https://quaternius.com/packs/animatedfish.html	node cong-cu/lay.mjs quaternius animatedfish
modularstreets	Modular Streets Pack	Quaternius	CC0 1.0	3D	fbx,obj,blend	25	Sign_NoParking Sign_Stop Sign_Triangle Street_3Way Street_3Way_2 Street_4Way Street_4Way_2 Street_Bridge Street_Bridge_Ramp Street_Bridge_Underpass Street_Bridge_Water Street_Bridge_WaterRamp Street_Curve Street_Deadend Street_Elevated Street_Elevated_Ramp Street_Empty Street_Empty_Water Street_Straight Streetlight_Double Streetlight_Single Streetlight_Triple Streets_all TrafficLight TrafficLight_2	This pack contains a set of modular street assets, such as different roads you can combine to make a city! All in FBX, OBJ and Blend formats, free to use in personal and commercial projects.	https://drive.google.com/drive/folders/1-YvMpLDYBIy-0Ms7ZlFmUpChTbHku8IJ	https://quaternius.com/packs/modularstreets.html	node cong-cu/lay.mjs quaternius modularstreets
ships	Ships Pack	Quaternius	CC0 1.0	3D	fbx,obj,blend	6	Boat BoatWSail CruiseShip Lifeboat Sail ship Viking boat	This pack contains a set of simple ships! All in FBX, OBJ and Blend formats, free to use in personal and commercial projects.	https://drive.google.com/drive/folders/1Qf31QTnGfxRzYxx8dHmlVGDT4KmIa0Vy	https://quaternius.com/packs/ships.html	node cong-cu/lay.mjs quaternius ships
medievaldungeon	Modular Dungeon Pack	Quaternius	CC0 1.0	3D	fbx,obj,blend	41	Barrel Bars Bones Bones2 Book2 Book3 Book_Open Candelabrum Candelabrum_tall Candle Carpet Chest Chest_gold Column Column_Broken Column_Broken2 Entrance Entrance2 ModularColumn_bottom ModularColumn_middle ModularColumn_top ModularFloor ModularStoneWall ModularStoneWall_EntranceTop ModularStoneWall_top Potion Potion2 Potion3 Potion4 Potion5 Potion6 Rock1 Rock2 Rock3 Rock4 Rock5 Stairs Torch Torch_wall WallRocks Window	This pack includes an array of dungeon assets such as barrels, torches, potions and modular wall pieces! All in FBX, OBJ and Blend formats, free to use in personal and commercial projects.	https://drive.google.com/drive/folders/13MoeF0Uy9PHqXXi6gh63tV2PLRD6YXJv	https://quaternius.com/packs/medievaldungeon.html	node cong-cu/lay.mjs quaternius medievaldungeon
spaceships	Spaceships Pack	Quaternius	CC0 1.0	3D	fbx,obj,blend	5	Spaceship Spaceship2 Spaceship3 Spaceship4 Spaceship5	A simple set of low poly spaceships! In FBX, OBJ and Blend formats, free to use in personal and commercial projects.	https://drive.google.com/drive/folders/1ZxWZ-KuSOA-9s53PA1B1-O0txRJvne2i	https://quaternius.com/packs/spaceships.html	node cong-cu/lay.mjs quaternius spaceships
animatedzombie	Animated Zombie Pack	Quaternius	CC0 1.0	3D	fbx,obj,blend	2	Zombie ZombieSmooth	This pack contains an atlas textured zombie with many animations. In FBX, OBJ and Blend formats, free to use in personal and commercial projects.	https://drive.google.com/drive/folders/1AfOPRgr5Gl8gll9KfGDEUSYq_Ag7yPJG	https://quaternius.com/packs/animatedzombie.html	node cong-cu/lay.mjs quaternius animatedzombie
animatedwoman	Animated Woman Pack	Quaternius	CC0 1.0	3D	fbx,obj,blend	2	Animated Woman Animated Woman_smooth	This pack contains an atlas textured female with many animations. In FBX, OBJ and Blend formats, free to use in personal and commercial projects.	https://drive.google.com/drive/folders/1M2jkG2WLiteK81Pj_v0QjCJoUTf2gCjp	https://quaternius.com/packs/animatedwoman.html	node cong-cu/lay.mjs quaternius animatedwoman
animatedman	Animated Man Pack	Quaternius	CC0 1.0	3D	fbx,obj,blend	1	Animated Human	This pack contains an atlas textured male with many animations. In FBX, OBJ and Blend formats, free to use in personal and commercial projects.	https://drive.google.com/drive/folders/1XQ3UpQezkOFDdazv6KK16qp3mBXhO9uO	https://quaternius.com/packs/animatedman.html	node cong-cu/lay.mjs quaternius animatedman
furniture	Furniture Pack	Quaternius	CC0 1.0	3D	fbx,obj,blend	23	Bed BedKing BookCase BookCaseBooks BookCaseLarge BookCaseLargeBooks Chair ChairCushioned ChairHandle Closet Closet2 CoffeeTable CoffeeTable2 Lamp Lamp2 Plant Sofa SofaDouble SofaLong Stool Table Vase Vase2	This pack includes all the furniture essentials to decorate your homes! Beds, chairs, tables, you got it all! All in FBX, OBJ and Blend formats, free to use in personal and commercial projects.	https://drive.google.com/drive/folders/1CLWStkb7cipC1ZdTunYJXKVqEVwtXWXK	https://quaternius.com/packs/furniture.html	node cong-cu/lay.mjs quaternius furniture
simplebuildings	Simple Buildings Pack	Quaternius	CC0 1.0	3D	fbx,obj,blend	10	Bank Flat Flat2 Hospital House House2 House3 House4 House5 Shop	A simple set of atlas textured buildings, including a hospital, houses and shop! All in FBX, OBJ and Blend formats, free to use in personal and commercial projects.	https://drive.google.com/drive/folders/1r-FcNFxC6ziN0oI3GqZJdEkdzglFQHQH	https://quaternius.com/packs/simplebuildings.html	node cong-cu/lay.mjs quaternius simplebuildings
modularmedievalbuildings	Modular Medieval Building Pack	Quaternius	CC0 1.0	3D	fbx,obj,blend	30	Banner Bridge Door Dummy LargeSimpleTower LargeSquareTower LargeSquareTowerBricks LargeTower PointyTower Simpletower SimpleTowerBricks SmallSquareTower SmallSquareTowerBricks SmallTower TallWall TallWallBricks TallWallEntrance Target TargetWithArrows Tower Tunnel Wall WallBricks WallEntrance WallEntranceBricks Watchtower WatchTowerWRoof Well WindowGothic WindowSquare	This pack includes an array of medieval building pieces. All in FBX, OBJ and Blend formats, free to use in personal and commercial projects.	https://drive.google.com/drive/folders/1WCmnrS1fYQLYfRwztVErgAOyWXdJiVIo	https://quaternius.com/packs/modularmedievalbuildings.html	node cong-cu/lay.mjs quaternius modularmedievalbuildings
rpg	RPG Essentials Pack	Quaternius	CC0 1.0	3D	fbx,obj,blend	13	AnimatedChest Barrel Book Dagger Gems IceStaff KnightHelmet Rollofpaper Scroll Shield Staff Sword WoodenStaff	A simple set of RPG Essentials! All in FBX, OBJ and Blend formats, free to use in personal and commercial projects.	https://drive.google.com/drive/folders/1BSyWiPypvgTl32qd5bZjP_iMeG_XsImT	https://quaternius.com/packs/rpg.html	node cong-cu/lay.mjs quaternius rpg
junkfood	Junk Food Pack	Quaternius	CC0 1.0	3D	fbx,obj,blend	16	Burger Cake Cookie Cupcake CupcakeCherry CupcakeCherry2 Donut Donut2 Hotdog Icecream Icecream2 Icecream3 Milkshake Pizza Soda SodaCan	This pack contains 16 different textured fast food items such as pizza, ice cream, hotdogs, cookies and many more. All in FBX, OBJ and Blend formats, free to use in personal and commercial projects.	https://drive.google.com/drive/folders/127xt6nsl4Z-YRy-FZru38Sf6ElBWc8IU	https://quaternius.com/packs/junkfood.html	node cong-cu/lay.mjs quaternius junkfood
texturedfantasynature	Texture Fantasy Nature Pack	Quaternius	CC0 1.0	3D	fbx,obj,blend	11	BigBush BiggerBush BigTree BigTree2 Bush Flower Flower2 Flower3 Mushroom SmallTree Tree	A set of fantasy themed nature assets, including trees, flowers, bushes and mushrooms, all textured using gradients! In FBX, OBJ and Blend formats, free to use in personal and commercial projects.	https://drive.google.com/drive/folders/1WKJe-QxkPs_zb8CVhxPhYT57EsY5tGD3	https://quaternius.com/packs/texturedfantasynature.html	node cong-cu/lay.mjs quaternius texturedfantasynature
publictransport	Public Transport Pack	Quaternius	CC0 1.0	3D	fbx,obj,blend	12	Ambulance Bicycle Bus SchoolBus SquareFrameBicycle Taxi TrafficCone TrafficLight TrafficSign1 TrafficSign2 TrafficSign3 Train	This pack contains 12 different public transport vehicles such as an ambulance, school bus, train, and more! All in .FBX, .OBJ and .Blend formats, free to use in both personal and commercial projects.	https://drive.google.com/drive/folders/1GUIE138uPVNraiQEf33dIx9wENhttZ15	https://quaternius.com/packs/publictransport.html	node cong-cu/lay.mjs quaternius publictransport
simplenature	Simple Nature Pack	Quaternius	CC0 1.0	3D	fbx,obj,blend	13	Bush1 Bush2 Bush3 Grass1 Grass2 Grass3 Rock1 Rock2 Rock3 Tree1 Tree2 Tree3 Tree4	The nature essentials, including trees, grass, rocks and bushes! in FBX, OBJ and Blend formats.	https://drive.google.com/drive/folders/18hb-5HGCLL9BS8jmxkE4h31wmHGeqfts	https://quaternius.com/packs/simplenature.html	node cong-cu/lay.mjs quaternius simplenature
